date,fold,y_true,y_pred,y_pred_residual_model,y_pred_direct_model,HOSPCIDX_observado,HOSPCIDX_predito,HOSPCIDX_predito_modelo_residual,HOSPCIDX_predito_modelo_direto,baseline_weekly,baseline_improved,baseline_seasonal,selected_strategy
2018-01-01,1,81.0,126.9602337063599,151.17152146683583,126.9602337063599,81.0,126.9602337063599,151.17152146683583,126.9602337063599,64.0,150.34965863929395,126.5,direct_only
2018-01-02,1,140.0,116.41013973073423,110.5482979897625,116.41013973073423,140.0,116.41013973073423,110.5482979897625,116.41013973073423,104.0,109.84262955816959,134.0,direct_only
2018-01-03,1,123.0,118.98974700024566,132.3784737165362,118.98974700024566,123.0,118.98974700024566,132.3784737165362,118.98974700024566,118.0,131.93961024547275,129.0,direct_only
2018-01-04,1,108.0,118.69335712310837,124.7917452880838,118.69335712310837,108.0,118.69335712310837,124.7917452880838,118.69335712310837,96.0,123.97098138452415,126.0,direct_only
2018-01-05,1,115.0,107.52810519313584,112.05662036877489,107.52810519313584,115.0,107.52810519313584,112.05662036877489,107.52810519313584,88.0,111.13814421876425,120.5,direct_only
2018-01-06,1,67.0,92.79161808481169,85.83653624172229,92.79161808481169,67.0,92.79161808481169,85.83653624172229,92.79161808481169,71.0,84.95265746581525,107.0,direct_only
2018-01-07,1,89.0,89.27567682332688,66.86593870287051,89.27567682332688,89.0,89.27567682332688,66.86593870287051,89.27567682332688,57.0,67.21018826732872,86.0,direct_only
2018-01-08,1,111.0,112.62882727070797,123.52956051603124,112.62882727070797,111.0,112.62882727070797,123.52956051603124,112.62882727070797,81.0,123.67820435509071,91.5,direct_only
2018-01-09,1,101.0,122.09633417915676,132.20282838892155,122.09633417915676,101.0,122.09633417915676,132.20282838892155,122.09633417915676,140.0,131.71692025170975,117.0,direct_only
2018-01-10,1,98.0,115.8042511077068,125.00726253990568,115.8042511077068,98.0,115.8042511077068,125.00726253990568,115.8042511077068,123.0,124.2689786570607,121.0,direct_only
2018-01-11,1,124.0,114.25839609937418,109.90831805416897,114.25839609937418,124.0,114.25839609937418,109.90831805416897,114.25839609937418,108.0,109.28387471152466,117.0,direct_only
2018-01-12,1,108.0,111.79568239823043,104.54169062752173,111.79568239823043,108.0,111.79568239823043,104.54169062752173,111.79568239823043,115.0,104.27906159265399,103.5,direct_only
2018-01-13,1,78.0,84.88781621557828,78.58851612756715,84.88781621557828,78.0,84.88781621557828,78.58851612756715,84.88781621557828,67.0,78.25527611997279,81.5,direct_only
2018-01-14,1,75.0,81.9060656839208,68.48305227383253,81.9060656839208,75.0,81.9060656839208,68.48305227383253,81.9060656839208,89.0,68.19373026531974,71.0,direct_only
2018-01-15,1,113.0,111.10627456636877,110.99691249405365,111.10627456636877,113.0,111.10627456636877,110.99691249405365,111.10627456636877,111.0,110.16214639768683,89.5,direct_only
2018-01-16,1,115.0,121.14687125592204,122.61693968005578,121.14687125592204,115.0,121.14687125592204,122.61693968005578,121.14687125592204,101.0,121.93519494323026,97.0,direct_only
2018-01-17,1,95.0,121.57300784768884,120.65981374502742,121.57300784768884,95.0,121.57300784768884,120.65981374502742,121.57300784768884,98.0,119.62695267826865,100.0,direct_only
2018-01-18,1,122.0,119.97856093899944,106.77076265831212,119.97856093899944,122.0,119.97856093899944,106.77076265831212,119.97856093899944,124.0,105.50797559751214,106.5,direct_only
2018-01-19,1,96.0,106.82629531652432,106.26810710471206,106.82629531652432,96.0,106.82629531652432,106.26810710471206,106.82629531652432,108.0,105.23651006202053,101.0,direct_only
2018-01-20,1,70.0,82.64064193632397,79.14281205727625,82.64064193632397,70.0,82.64064193632397,79.14281205727625,82.64064193632397,78.0,78.54776516298625,83.0,direct_only
2018-01-21,1,67.0,82.1050828958868,65.79391243486984,82.1050828958868,67.0,82.1050828958868,65.79391243486984,82.1050828958868,75.0,65.4378351940555,66.5,direct_only
2018-01-22,1,100.0,114.24181948146503,108.85158177313451,114.24181948146503,100.0,114.24181948146503,108.85158177313451,114.24181948146503,113.0,108.03752638282572,90.5,direct_only
2018-01-23,1,105.0,112.71627186979109,118.28921193038481,112.71627186979109,105.0,112.71627186979109,118.28921193038481,112.71627186979109,115.0,117.62708880834498,112.0,direct_only
2018-01-24,1,85.0,116.40261402794964,111.29821339969935,116.40261402794964,85.0,116.40261402794964,111.29821339969935,116.40261402794964,95.0,110.30886712474204,95.5,direct_only
2018-01-25,1,70.0,106.72702081276859,99.68553393627221,106.72702081276859,70.0,106.72702081276859,99.68553393627221,106.72702081276859,122.0,99.4824467223381,94.5,direct_only
2018-01-26,1,79.0,96.74894735900838,81.82470467536676,96.74894735900838,79.0,96.74894735900838,81.82470467536676,96.74894735900838,96.0,82.54745759822734,102.5,direct_only
2018-01-27,1,66.0,78.56432520656224,62.34170190303712,78.56432520656224,66.0,78.56432520656224,62.34170190303712,78.56432520656224,70.0,63.24791732031821,86.0,direct_only
2018-01-28,1,67.0,76.67904011495298,53.71377073911879,76.67904011495298,67.0,76.67904011495298,53.71377073911879,76.67904011495298,67.0,53.00522319024475,79.5,direct_only
2018-01-29,1,82.0,108.06786478713795,102.1381170146069,108.06786478713795,82.0,108.06786478713795,102.1381170146069,108.06786478713795,100.0,101.68662874090938,88.0,direct_only
2018-01-30,1,106.0,102.54504502159071,102.66735303214314,102.54504502159071,106.0,102.54504502159071,102.66735303214314,102.54504502159071,105.0,103.63947140858856,86.5,direct_only
2018-01-31,1,97.0,98.06091070663871,98.22062390839045,98.06091070663871,97.0,98.06091070663871,98.22062390839045,98.06091070663871,85.0,97.95464383239138,101.0,direct_only
2018-02-01,1,123.0,124.64992909626712,157.5543265184856,124.64992909626712,123.0,124.64992909626712,157.5543265184856,124.64992909626712,70.0,157.1172863767776,114.5,direct_only
2018-02-02,1,88.0,111.48459233788705,119.43207061167307,111.48459233788705,88.0,111.48459233788705,119.43207061167307,111.48459233788705,79.0,118.37908941192555,109.0,direct_only
2018-02-03,1,82.0,86.18188522715303,85.37565338541918,86.18188522715303,82.0,86.18188522715303,85.37565338541918,86.18188522715303,66.0,84.69604490826609,105.5,direct_only
2018-02-04,1,57.0,86.74491137826956,82.96253977972917,86.74491137826956,57.0,86.74491137826956,82.96253977972917,86.74491137826956,67.0,82.31321426340423,89.0,direct_only
2018-02-05,1,85.0,114.34677409391293,122.70160763856386,114.34677409391293,85.0,114.34677409391293,122.70160763856386,114.34677409391293,82.0,121.5783234167619,92.0,direct_only
2018-02-06,1,117.0,115.19160740933347,123.4868107820137,115.19160740933347,117.0,115.19160740933347,123.4868107820137,115.19160740933347,106.0,122.71343245576651,125.5,direct_only
2018-02-07,1,114.0,119.75993057400146,125.45497675633582,119.75993057400146,114.0,119.75993057400146,125.45497675633582,119.75993057400146,97.0,124.14407300742164,134.0,direct_only
2018-02-08,1,115.0,127.88636452194137,130.6038527963753,127.88636452194137,115.0,127.88636452194137,130.6038527963753,127.88636452194137,123.0,129.25033303684444,123.5,direct_only
2018-02-09,1,120.0,117.58643267745225,118.6332805145561,117.58643267745225,120.0,117.58643267745225,118.6332805145561,117.58643267745225,88.0,117.48432014562884,117.5,direct_only
2018-02-10,1,101.0,98.54367567925893,98.18179211529161,98.54367567925893,101.0,98.54367567925893,98.18179211529161,98.54367567925893,82.0,97.25458827368455,94.0,direct_only
2018-02-11,1,95.0,89.96506389273162,85.73711175720314,89.96506389273162,95.0,89.96506389273162,85.73711175720314,89.96506389273162,57.0,85.33064327985579,87.5,direct_only
2018-02-12,1,113.0,123.1420345742975,136.08543120231437,123.1420345742975,113.0,123.1420345742975,136.08543120231437,123.1420345742975,85.0,135.4145088495759,142.0,direct_only
2018-02-13,1,84.0,120.24187481256676,134.29374259248684,120.24187481256676,84.0,120.24187481256676,134.29374259248684,120.24187481256676,117.0,135.0120631628718,172.0,direct_only
2018-02-14,1,139.0,119.72158336904982,118.28010516485972,119.72158336904982,139.0,119.72158336904982,118.28010516485972,119.72158336904982,114.0,119.22493523389676,165.0,direct_only
2018-02-15,1,150.0,130.44904228823987,132.38229667407347,130.44904228823987,150.0,130.44904228823987,132.38229667407347,130.44904228823987,115.0,132.8273707536534,179.0,direct_only
2018-02-16,1,107.0,122.01988169812329,132.50318455933132,122.01988169812329,107.0,122.01988169812329,132.50318455933132,122.01988169812329,120.0,132.7915070814291,187.0,direct_only
2018-02-17,1,86.0,95.09218679664062,102.91314414284605,95.09218679664062,86.0,95.09218679664062,102.91314414284605,95.09218679664062,101.0,102.64165410662972,175.5,direct_only
2018-02-18,1,73.0,96.0447818179289,86.74439568752524,96.0447818179289,73.0,96.0447818179289,86.74439568752524,96.0447818179289,95.0,85.85303648534592,137.5,direct_only
2018-02-19,1,97.0,127.57186006298326,129.12238313932016,127.57186006298326,97.0,127.57186006298326,129.12238313932016,127.57186006298326,113.0,128.03825556704604,139.0,direct_only
2018-02-20,1,123.0,125.67724389732844,131.7217159517564,125.67724389732844,123.0,125.67724389732844,131.7217159517564,125.67724389732844,84.0,131.388306562042,181.5,direct_only
2018-02-21,1,119.0,132.88764706121302,138.83422492806295,132.88764706121302,119.0,132.88764706121302,138.83422492806295,132.88764706121302,139.0,138.32523691366586,187.5,direct_only
2018-02-22,1,162.0,131.8859884552267,129.86446048888098,131.8859884552267,162.0,131.8859884552267,129.86446048888098,131.8859884552267,150.0,129.120492059365,181.0,direct_only
2018-02-23,1,134.0,124.3049532438795,134.3856612577616,124.3049532438795,134.0,124.3049532438795,134.3856612577616,124.3049532438795,107.0,134.16231964565893,160.0,direct_only
2018-02-24,1,94.0,102.78616519282235,108.49843165014548,102.78616519282235,94.0,102.78616519282235,108.49843165014548,102.78616519282235,86.0,108.31328399435756,126.0,direct_only
2018-02-25,1,84.0,91.3267261478373,89.3675234391653,91.3267261478373,84.0,91.3267261478373,89.3675234391653,91.3267261478373,73.0,89.10470328142779,104.0,direct_only
2018-02-26,1,134.0,126.02512110840546,131.0161718599132,126.02512110840546,134.0,126.02512110840546,131.0161718599132,126.02512110840546,97.0,129.90116023944168,109.5,direct_only
2018-02-27,1,136.0,142.6263730362395,147.2543160685993,142.6263730362395,136.0,142.6263730362395,147.2543160685993,142.6263730362395,123.0,146.3547197353635,137.0,direct_only
2018-02-28,1,121.0,130.22715063736476,140.65621550481427,130.22715063736476,121.0,130.22715063736476,140.65621550481427,130.22715063736476,119.0,139.96414237565952,185.0,direct_only
2018-03-01,2,192.0,180.50633051938627,185.65294834207754,172.78640378534942,192.0,180.50633051938627,185.65294834207754,172.78640378534942,162.0,185.6543448848959,232.0,blend
2018-03-02,2,175.0,159.53818302437531,160.57109643519956,157.98881290813893,175.0,159.53818302437531,160.57109643519956,157.98881290813893,134.0,160.3431419078259,212.0,blend
2018-03-03,2,129.0,138.1514388059656,138.0786580215616,138.26060998257162,129.0,138.1514388059656,138.0786580215616,138.26060998257162,94.0,137.96105683455136,170.5,blend
2018-03-04,2,126.0,121.62607227753017,121.03297249119153,122.51572195703812,126.0,121.62607227753017,121.03297249119153,122.51572195703812,84.0,121.10337533585755,144.5,blend
2018-03-05,2,170.0,159.6408380674381,164.56473781244338,152.25498844993012,170.0,159.6408380674381,164.56473781244338,152.25498844993012,134.0,164.44713662543313,157.5,blend
2018-03-06,2,158.0,173.9615969318334,180.23996620288577,164.54404302525484,158.0,173.9615969318334,180.23996620288577,164.54404302525484,136.0,180.20001570718838,181.0,blend
2018-03-07,2,171.0,166.45241088665762,173.51993627557246,155.85112280328534,171.0,166.45241088665762,173.51993627557246,155.85112280328534,121.0,173.5903391202385,185.0,blend
2018-03-08,2,192.0,184.0721660503922,187.21131675459569,179.36343999408703,192.0,184.0721660503922,187.21131675459569,179.36343999408703,192.0,187.42916401113257,195.5,blend
2018-03-09,2,166.0,179.3468775536124,182.12804717990036,175.17512311418042,166.0,179.3468775536124,182.12804717990036,175.17512311418042,175.0,182.1984500245664,185.5,blend
2018-03-10,2,119.0,143.96281456582557,146.5001842897434,140.15675997994884,119.0,143.96281456582557,146.5001842897434,140.15675997994884,129.0,146.38258310273315,158.5,blend
2018-03-11,2,136.0,121.83161881833341,122.7048904870221,120.52171131530037,136.0,121.83161881833341,122.7048904870221,120.52171131530037,126.0,122.75877036959884,156.0,blend
2018-03-12,2,177.0,175.69887193295511,174.37306159013355,177.68758744718752,177.0,175.69887193295511,174.37306159013355,177.68758744718752,170.0,174.3744581329519,186.5,blend
2018-03-13,2,184.0,174.59358054923882,177.06534686324423,170.88593107823067,184.0,174.59358054923882,177.06534686324423,170.88593107823067,158.0,177.29311558033493,204.0,blend
2018-03-14,2,203.0,183.1772356516462,181.99470031810935,184.9510386519515,203.0,183.1772356516462,181.99470031810935,184.9510386519515,171.0,181.95474982241197,210.5,blend
2018-03-15,2,196.0,197.88374242461862,192.31164481614925,206.24188883732265,196.0,197.88374242461862,192.31164481614925,206.24188883732265,192.0,192.08369028877559,232.5,blend
2018-03-16,2,178.0,180.4441723715983,182.35149364436066,177.5831904624548,178.0,180.4441723715983,182.35149364436066,177.5831904624548,166.0,182.4218964890267,218.0,blend
2018-03-17,2,145.0,144.80666329124418,150.56259608320988,136.1727641032956,145.0,144.80666329124418,150.56259608320988,136.1727641032956,119.0,150.44499489619963,172.5,blend
2018-03-18,2,143.0,135.93371846670073,138.0906124124523,132.69837754807335,143.0,135.93371846670073,138.0906124124523,132.69837754807335,136.0,138.16101525711832,143.0,blend
2018-03-19,2,194.0,182.58765644838013,179.88717595783646,186.63837718419563,194.0,182.58765644838013,179.88717595783646,186.63837718419563,177.0,180.0765765323311,181.0,blend
2018-03-20,2,197.0,193.1739500424274,192.5940479291627,194.0438032123244,197.0,193.1739500424274,192.5940479291627,194.0438032123244,184.0,192.5924655760614,234.5,blend
2018-03-21,2,187.0,190.24641719951592,191.072441281141,189.00738107707826,187.0,190.24641719951592,191.072441281141,189.00738107707826,203.0,191.14284412580704,242.5,blend
2018-03-22,2,191.0,188.8094972374679,190.0980409138452,186.87668172290194,191.0,188.8094972374679,190.0980409138452,186.87668172290194,196.0,190.22129968544346,236.5,blend
2018-03-23,2,168.0,180.08418911444252,178.3539120313635,182.67960473906103,168.0,180.08418911444252,178.3539120313635,182.67960473906103,178.0,178.31396153566612,206.5,blend
2018-03-24,2,119.0,141.13387557189756,141.37076497955164,140.77854146041645,119.0,141.13387557189756,141.37076497955164,140.77854146041645,145.0,141.2531637925414,178.5,blend
2018-03-25,2,138.0,125.73898392223398,125.2718405108449,126.4396990393176,138.0,125.73898392223398,125.2718405108449,126.4396990393176,143.0,125.34224335551092,149.5,blend
2018-03-26,2,166.0,180.46484115136744,175.88369728687192,187.3365569481107,166.0,180.46484115136744,175.88369728687192,187.3365569481107,194.0,175.95410013153796,170.5,blend
2018-03-27,2,179.0,184.5710014618079,181.968824096709,188.47426750945624,179.0,184.5710014618079,181.968824096709,188.47426750945624,197.0,181.92887360101162,209.5,blend
2018-03-28,2,150.0,182.70402533608555,177.55371476147542,190.42949119800073,150.0,182.70402533608555,177.55371476147542,190.42949119800073,187.0,177.51376426577804,203.0,blend
2018-03-29,2,162.0,175.3935628660745,167.30131412865228,187.53193597220786,162.0,175.3935628660745,167.30131412865228,187.53193597220786,191.0,167.0733596012786,188.5,blend
2018-03-30,2,105.0,163.98258953421325,160.1768035591099,169.69126849686825,105.0,163.98258953421325,160.1768035591099,169.69126849686825,168.0,160.05920237209966,164.0,blend
2018-03-31,2,117.0,106.14724276591811,98.92197073706456,116.98515080919843,117.0,106.14724276591811,98.92197073706456,116.98515080919843,119.0,98.99237358173058,180.5,blend
2018-04-01,2,171.0,156.3149525106026,161.8540289985818,148.0063377786338,171.0,156.3149525106026,161.8540289985818,148.0063377786338,138.0,161.92443184324785,198.0,blend
2018-04-02,2,245.0,180.2431238308859,179.19558573750896,181.81443097095138,245.0,180.2431238308859,179.19558573750896,181.81443097095138,166.0,179.265988582175,221.0,blend
2018-04-03,2,251.0,216.21884948390016,214.98101580396934,218.0756000037964,251.0,216.21884948390016,214.98101580396934,218.0756000037964,179.0,215.05141864863538,246.0,blend
2018-04-04,2,262.0,214.6816343328485,218.9452706160674,208.2861799080202,262.0,214.6816343328485,218.9452706160674,208.2861799080202,150.0,219.01567346073344,247.5,blend
2018-04-05,2,265.0,223.6950526650761,233.72133795263437,208.65562473373873,265.0,223.6950526650761,233.72133795263437,208.65562473373873,162.0,233.681387456937,253.0,blend
2018-04-06,2,254.0,206.3108209406244,220.91578792060113,184.4033704706593,254.0,206.3108209406244,220.91578792060113,184.4033704706593,105.0,220.98619076526717,236.5,blend
2018-04-07,2,180.0,191.87404364112817,210.4199684319308,164.0551564549242,180.0,191.87404364112817,210.4199684319308,164.0551564549242,117.0,210.49037127659685,205.0,blend
2018-04-08,2,193.0,183.30838592952898,195.25113193029517,165.39426692837972,193.0,183.30838592952898,195.25113193029517,165.39426692837972,171.0,195.3215347749612,169.0,blend
2018-04-09,2,268.0,231.48214490702298,249.58541505991283,204.32723967768825,268.0,231.48214490702298,249.58541505991283,204.32723967768825,245.0,249.65581790457887,189.5,blend
2018-04-10,2,275.0,248.2919804958608,266.85807258015967,220.4428423694125,275.0,248.2919804958608,266.85807258015967,220.4428423694125,251.0,267.0474731546543,237.0,blend
2018-04-11,2,251.0,243.47137104331222,258.8244131848988,220.44180783093236,251.0,243.47137104331222,258.8244131848988,220.44180783093236,262.0,258.7844626892014,248.5,blend
2018-04-12,2,308.0,232.6598432248893,240.38142256697154,221.07747421176592,308.0,232.6598432248893,240.38142256697154,221.07747421176592,265.0,240.34147207127415,219.0,blend
2018-04-13,2,235.0,232.97924001416615,253.58934111160536,202.06408836800733,235.0,232.97924001416615,253.58934111160536,202.06408836800733,254.0,253.54939061590798,174.5,blend
2018-04-14,2,205.0,191.9467624024386,202.0848823431729,176.73958249133713,205.0,191.9467624024386,202.0848823431729,176.73958249133713,180.0,201.96728115616264,167.5,blend
2018-04-15,2,148.0,190.65858650173857,204.22605267959992,170.30738723494662,148.0,190.65858650173857,204.22605267959992,170.30738723494662,193.0,204.4438999361368,158.0,blend
2018-04-16,2,240.0,214.38277324662556,232.59469963035733,187.06488367102787,240.0,214.38277324662556,232.59469963035733,187.06488367102787,268.0,232.8125468868942,166.5,blend
2018-04-17,2,210.0,239.88455370390926,257.910742336889,212.8452707544397,210.0,239.88455370390926,257.910742336889,212.8452707544397,275.0,257.9101533890912,203.5,blend
2018-04-18,2,210.0,222.13777424893482,231.50475275668165,208.0873064873145,210.0,222.13777424893482,231.50475275668165,208.0873064873145,251.0,231.448279298895,210.5,blend
2018-04-19,2,240.0,226.89650116178615,235.7205716261355,213.66039546526218,240.0,226.89650116178615,235.7205716261355,213.66039546526218,308.0,235.60962933797433,201.0,blend
2018-04-20,2,229.0,208.6183622877109,210.05027489198065,206.4704933813063,229.0,208.6183622877109,210.05027489198065,206.4704933813063,235.0,209.99380143419398,177.5,blend
2018-04-21,2,151.0,183.50011760209736,185.26062277713962,180.85935983953402,151.0,183.50011760209736,185.26062277713962,180.85935983953402,205.0,185.14968048897845,145.5,blend
2018-04-22,2,138.0,148.80339289539236,148.98633856230083,148.52897439502965,138.0,148.80339289539236,148.98633856230083,148.52897439502965,148.0,148.98574961450305,135.5,blend
2018-04-23,2,236.0,199.16366642443901,200.78653525159874,196.72936318369943,236.0,199.16366642443901,200.78653525159874,196.72936318369943,240.0,200.55858072422507,159.5,blend
2018-04-24,2,209.0,216.76716967525908,216.94646017506966,216.4982339255432,209.0,216.76716967525908,216.94646017506966,216.4982339255432,210.0,216.88171491499162,187.0,blend
2018-04-25,2,187.0,211.01259793090975,208.93116410998724,214.13474866229348,187.0,211.01259793090975,208.93116410998724,214.13474866229348,210.0,208.81356292297698,185.5,blend
2018-04-26,2,195.0,202.5153494078373,204.47897481044868,199.56991130392026,195.0,202.5153494078373,204.47897481044868,199.56991130392026,240.0,204.4390243147513,168.5,blend
2018-04-27,2,137.0,189.8801138143104,187.01757481072826,194.17392231968356,137.0,189.8801138143104,187.01757481072826,194.17392231968356,229.0,187.0879776553943,141.5,blend
2018-04-28,2,112.0,137.80210540193875,129.16182076657716,150.7625323549811,112.0,137.80210540193875,129.16182076657716,150.7625323549811,151.0,129.09707550649912,123.0,blend
2018-04-29,2,103.0,124.84628181156728,116.56114471436217,137.27398745737497,103.0,124.84628181156728,116.56114471436217,137.27398745737497,138.0,116.55156871687755,118.5,blend
2018-04-30,2,117.0,171.01527124456027,162.40187065504458,183.93537212883382,117.0,171.01527124456027,162.40187065504458,183.93537212883382,236.0,162.51194494191787,145.0,blend
2018-05-01,3,196.0,211.09530759205575,215.3068115839376,207.64953159869785,196.0,211.09530759205575,215.3068115839376,207.64953159869785,209.0,214.327646437964,195.0,blend
2018-05-02,3,219.0,195.72605585252205,188.91342611108198,201.30002564097305,219.0,195.72605585252205,188.91342611108198,201.30002564097305,187.0,189.45419964482724,202.0,blend
2018-05-03,3,227.0,204.98836398837022,200.8127972826912,208.4047367475621,227.0,204.98836398837022,200.8127972826912,208.4047367475621,195.0,200.86563891310766,191.0,blend
2018-05-04,3,200.0,188.98992179120518,192.31217357281096,186.27171578807318,200.0,188.98992179120518,192.31217357281096,186.27171578807318,137.0,190.81266619796,171.5,blend
2018-05-05,3,129.0,153.67421581707666,158.17773478426392,149.98951848028705,129.0,153.67421581707666,158.17773478426392,149.98951848028705,112.0,156.5736079955657,146.0,blend
2018-05-06,3,139.0,118.34115555917352,115.17345363373333,120.9329116799882,139.0,118.34115555917352,115.17345363373333,120.9329116799882,103.0,118.65586260452801,130.5,blend
2018-05-07,3,196.0,168.94789224103113,183.45095136189198,157.0817529603268,196.0,168.94789224103113,183.45095136189198,157.0817529603268,117.0,187.0143198115325,150.5,blend
2018-05-08,3,213.0,198.34149477243307,205.95405940213257,192.1130328026789,213.0,198.34149477243307,205.95405940213257,192.1130328026789,196.0,208.3942880971304,201.5,blend
2018-05-09,3,181.0,206.57043610651797,211.20202613755507,202.78095335385126,181.0,206.57043610651797,211.20202613755507,202.78095335385126,219.0,211.51861069189724,207.5,blend
2018-05-10,3,206.0,202.14203396453053,208.51927162033945,196.9242940643232,206.0,202.14203396453053,208.51927162033945,196.9242940643232,227.0,205.81976295449567,188.5,blend
2018-05-11,3,233.0,193.58818413097947,195.5344535088903,191.9957819126888,233.0,193.58818413097947,195.5344535088903,191.9957819126888,200.0,191.79637843514718,177.0,blend
2018-05-12,3,160.0,164.13469280834622,169.83189406513145,159.4733463255219,160.0,164.13469280834622,169.83189406513145,159.4733463255219,129.0,168.2345887125802,154.0,blend
2018-05-13,3,129.0,131.7957927035337,132.0787619671637,131.56427239692732,129.0,131.7957927035337,132.0787619671637,131.56427239692732,139.0,136.62139240048435,134.5,blend
2018-05-14,3,204.0,185.18324349089636,192.80395536725806,178.94811559205493,204.0,185.18324349089636,192.80395536725806,178.94811559205493,196.0,193.81423661680662,169.5,blend
2018-05-15,3,184.0,206.6437086287303,207.76542885715986,205.72593753274245,184.0,206.6437086287303,207.76542885715986,205.72593753274245,213.0,205.56519951437332,207.0,blend
2018-05-16,3,194.0,191.16861358281795,188.34740485567454,193.47687526866252,194.0,191.16861358281795,188.34740485567454,193.47687526866252,181.0,186.71871654896105,197.0,blend
2018-05-17,3,196.0,197.16630925797375,201.03963110658893,193.9972277454704,196.0,197.16630925797375,201.03963110658893,193.9972277454704,206.0,201.01931716538252,189.0,blend
2018-05-18,3,202.0,183.00958921354987,182.2364660844351,183.6421445010074,202.0,183.00958921354987,182.2364660844351,183.6421445010074,233.0,181.069430567945,175.0,blend
2018-05-19,3,140.0,152.72389899704717,148.95330239499557,155.8089325805439,140.0,152.72389899704717,148.95330239499557,155.8089325805439,160.0,149.06245884272434,164.5,blend
2018-05-20,3,139.0,120.2310243785482,116.06950123751795,123.635906948482,139.0,120.2310243785482,116.06950123751795,123.635906948482,129.0,119.63901678899992,153.0,blend
2018-05-21,3,180.0,175.7147322418184,172.9922807581819,177.94219254661186,180.0,175.7147322418184,172.9922807581819,177.94219254661186,204.0,173.86078790394572,153.5,blend
2018-05-22,3,201.0,184.49341560884886,182.35387980471103,186.24394490314344,201.0,184.49341560884886,182.35387980471103,186.24394490314344,184.0,180.63416402441288,173.0,blend
2018-05-23,3,183.0,187.96993135050369,183.1893285816971,191.88133361589087,183.0,187.96993135050369,183.1893285816971,191.88133361589087,194.0,182.29078743127246,178.5,blend
2018-05-24,3,202.0,178.75689929138247,178.15698028008447,179.24774211880808,202.0,178.75689929138247,178.15698028008447,179.24774211880808,196.0,178.86123478236283,175.5,blend
2018-05-25,3,201.0,173.25810392656823,172.57602109568126,173.81617169729392,201.0,173.25810392656823,172.57602109568126,173.81617169729392,202.0,174.084120836092,161.0,blend
2018-05-26,3,139.0,136.96973494522726,132.73085869299612,140.43790642432543,139.0,136.96973494522726,132.73085869299612,140.43790642432543,140.0,135.4033170554222,133.5,blend
2018-05-27,3,110.0,117.01370724425406,108.4877978284204,123.98945131175434,110.0,117.01370724425406,108.4877978284204,123.98945131175434,139.0,110.2063032262212,106.0,blend
2018-05-28,3,146.0,168.78858425286018,159.74911527938417,176.1845134129769,146.0,168.78858425286018,159.74911527938417,176.1845134129769,180.0,159.53077938399593,127.0,blend
2018-05-29,3,180.0,176.26232847878208,164.08905909575535,186.2222761558039,180.0,176.26232847878208,164.08905909575535,186.2222761558039,201.0,163.3367479105056,154.5,blend
2018-05-30,3,138.0,175.45174096439965,165.56084356521947,183.54429338191068,138.0,175.45174096439965,165.56084356521947,183.54429338191068,183.0,164.5314895135491,147.0,blend
2018-05-31,3,121.0,173.78594555141606,164.97885736594498,180.9917449758924,121.0,173.78594555141606,164.97885736594498,180.9917449758924,202.0,162.74136697503067,192.0,blend
2018-06-01,3,177.0,197.17665422715578,199.25944446825721,195.47255312080006,177.0,197.17665422715578,199.25944446825721,195.47255312080006,201.0,196.59537475918594,203.5,blend
2018-06-02,3,154.0,136.70161732125518,133.6303126981915,139.21450292194362,154.0,136.70161732125518,133.6303126981915,139.21450292194362,139.0,131.27560942728016,148.0,blend
2018-06-03,3,163.0,112.9725408963505,109.8258530973482,115.54710364098872,163.0,112.9725408963505,109.8258530973482,115.54710364098872,110.0,113.78685569173342,126.0,blend
2018-06-04,3,187.0,170.75163934208382,180.61871941938728,162.6785738242901,187.0,170.75163934208382,180.61871941938728,162.6785738242901,146.0,184.6593331055817,166.5,blend
2018-06-05,3,180.0,185.84463736317957,195.0763334102317,178.29143150650054,180.0,185.84463736317957,195.0763334102317,178.29143150650054,180.0,195.38938636502593,208.0,blend
2018-06-06,3,208.0,175.37985588132256,183.87628923755975,168.4282285898558,208.0,175.37985588132256,183.87628923755975,168.4282285898558,138.0,181.77544613678262,212.0,blend
2018-06-07,3,195.0,186.13992170818864,200.60264451440787,174.3067848667365,195.0,186.13992170818864,200.60264451440787,174.3067848667365,121.0,199.52451036321685,226.0,blend
2018-06-08,3,193.0,182.41082208380848,193.24228549487339,173.54871565657356,193.0,182.41082208380848,193.24228549487339,173.54871565657356,177.0,194.10171104110114,215.5,blend
2018-06-09,3,138.0,151.0826197435308,162.00544466459152,142.1457629899357,138.0,151.0826197435308,162.00544466459152,142.1457629899357,154.0,163.41627087220547,180.5,blend
2018-06-10,3,131.0,136.78989551681585,133.7083959779153,139.31112241227993,131.0,136.78989551681585,133.7083959779153,139.31112241227993,163.0,134.72475380045512,147.0,blend
2018-06-11,3,197.0,184.06540857418702,186.94974152503755,181.7054997962184,197.0,184.06540857418702,186.94974152503755,181.7054997962184,187.0,185.19524558470948,159.5,blend
2018-06-12,3,191.0,192.5360094182475,198.08582279681042,187.99525301760505,191.0,192.5360094182475,198.08582279681042,187.99525301760505,180.0,195.85530585023002,182.0,blend
2018-06-13,3,198.0,183.55457176244576,187.45204076048043,180.36573349132647,198.0,183.55457176244576,187.45204076048043,180.36573349132647,208.0,187.07755720346915,180.5,blend
2018-06-14,3,204.0,176.26541891948636,181.29415660653268,172.15099717553935,204.0,176.26541891948636,181.29415660653268,172.15099717553935,195.0,187.29221050844907,178.0,blend
2018-06-15,3,202.0,176.0004372524553,178.93890704313887,173.59623469644146,202.0,176.0004372524553,178.93890704313887,173.59623469644146,193.0,183.27389653406254,163.0,blend
2018-06-16,3,129.0,144.83044239613588,151.1724693339394,139.64151126520568,129.0,144.83044239613588,151.1724693339394,139.64151126520568,138.0,158.08981872930602,164.5,blend
2018-06-17,3,117.0,122.44556276229851,124.27234373735672,120.95092378270542,117.0,122.44556276229851,124.27234373735672,120.95092378270542,131.0,127.11765664908468,155.5,blend
2018-06-18,3,162.0,176.8386126713978,175.8807029330426,177.62235700277935,162.0,176.8386126713978,175.8807029330426,177.62235700277935,197.0,176.66980119885383,166.5,blend
2018-06-19,3,188.0,180.6446188005031,176.885788638975,183.72002529629884,188.0,180.6446188005031,176.885788638975,183.72002529629884,191.0,176.73597122299878,185.5,blend
2018-06-20,3,192.0,185.75266928027193,180.51370268939087,190.0390964909928,192.0,185.75266928027193,180.51370268939087,190.0390964909928,198.0,178.699006208235,170.0,blend
2018-06-21,3,189.0,184.42875662652716,183.4760875414465,185.20821315068406,189.0,184.42875662652716,183.4760875414465,185.20821315068406,204.0,180.97301174731496,170.5,blend
2018-06-22,3,132.0,172.71054219434953,172.22421860945514,173.1084433092631,132.0,172.71054219434953,172.22421860945514,173.1084433092631,202.0,171.68913906369391,174.5,blend
2018-06-23,3,129.0,124.65906214996758,117.83074828429943,130.24586440369606,129.0,124.65906214996758,117.83074828429943,130.24586440369606,129.0,118.05402231113548,148.5,blend
2018-06-24,3,127.0,116.77044435003448,107.40844778848813,124.43025971857239,127.0,116.77044435003448,107.40844778848813,124.43025971857239,117.0,107.70917511728808,116.5,blend
2018-06-25,3,169.0,164.8164906147919,161.85269635263958,167.24141319291647,169.0,164.8164906147919,161.85269635263958,167.24141319291647,162.0,160.59242277516694,138.0,blend
2018-06-26,3,162.0,181.87359070068578,182.8574100898667,181.06864756408316,162.0,181.87359070068578,182.8574100898667,181.06864756408316,188.0,181.16887152981673,190.5,blend
2018-06-27,3,169.0,174.69668826296333,170.22757657276355,178.35323419130856,169.0,174.69668826296333,170.22757657276355,178.35323419130856,192.0,169.61557041635712,185.0,blend
2018-06-28,3,152.0,169.96056438205807,162.28501126989192,176.24056238292127,152.0,169.96056438205807,162.28501126989192,176.24056238292127,189.0,163.05296272601987,170.0,blend
2018-06-29,3,163.0,148.77477499338016,143.9037173757525,152.7601857714391,163.0,148.77477499338016,143.9037173757525,152.7601857714391,132.0,143.52134811883218,168.5,blend
2018-06-30,3,102.0,129.788019188883,123.93890373716675,134.57365910392355,102.0,129.788019188883,123.93890373716675,134.57365910392355,129.0,121.63703350057203,170.0,blend
2018-07-01,4,187.0,147.557826412539,147.80303940303264,130.4289385968635,187.0,147.557826412539,147.80303940303264,130.4289385968635,127.0,147.557826412539,152.5,base_only
2018-07-02,4,198.0,190.68380300526388,190.89698988664392,172.55868400401795,198.0,190.68380300526388,190.89698988664392,172.55868400401795,169.0,190.68380300526388,143.0,base_only
2018-07-03,4,199.0,195.9977881391306,195.3744137268668,174.5150357812347,199.0,195.9977881391306,195.3744137268668,174.5150357812347,162.0,195.9977881391306,176.5,base_only
2018-07-04,4,196.0,195.74001322748984,195.3241604001397,178.9672850292065,196.0,195.74001322748984,195.3241604001397,178.9672850292065,169.0,195.74001322748984,171.0,base_only
2018-07-05,4,205.0,193.41590964740564,193.23372113671928,178.7524970126556,205.0,193.41590964740564,193.23372113671928,178.7524970126556,152.0,193.41590964740564,165.0,base_only
2018-07-06,4,146.0,183.27937675937926,183.29563528159824,183.68834462220337,146.0,183.27937675937926,183.29563528159824,183.68834462220337,163.0,183.27937675937926,169.5,base_only
2018-07-07,4,167.0,143.94673216613185,143.27049612531326,136.60774064462618,167.0,143.94673216613185,143.27049612531326,136.60774064462618,102.0,143.94673216613185,160.5,base_only
2018-07-08,4,125.0,145.97683161286355,145.72445752170748,145.58738120353343,125.0,145.97683161286355,145.72445752170748,145.58738120353343,187.0,145.97683161286355,136.0,base_only
2018-07-09,4,157.0,182.1905090759085,182.08667342963298,172.83709143497123,157.0,182.1905090759085,182.08667342963298,172.83709143497123,198.0,182.1905090759085,150.5,base_only
2018-07-10,4,161.0,187.0849816429669,186.53109569700692,167.52390779559985,161.0,187.0849816429669,186.53109569700692,167.52390779559985,199.0,187.0849816429669,177.5,base_only
2018-07-11,4,144.0,188.21686058391617,187.3231501129384,165.7755794433431,144.0,188.21686058391617,187.3231501129384,165.7755794433431,196.0,188.21686058391617,172.5,base_only
2018-07-12,4,179.0,171.10237860618727,170.3185769222409,167.18613865503312,179.0,171.10237860618727,170.3185769222409,167.18613865503312,205.0,171.10237860618727,172.0,base_only
2018-07-13,4,195.0,168.09443506819062,168.02294469204506,159.01885337429877,195.0,168.09443506819062,168.02294469204506,159.01885337429877,146.0,168.09443506819062,174.5,base_only
2018-07-14,4,125.0,146.34116308342038,146.60554445842604,148.87931837361552,125.0,146.34116308342038,146.60554445842604,148.87931837361552,167.0,146.34116308342038,159.5,base_only
2018-07-15,4,117.0,117.21616513168779,116.92435062088467,124.35792792049686,117.0,117.21616513168779,116.92435062088467,124.35792792049686,125.0,117.21616513168779,135.0,base_only
2018-07-16,4,172.0,170.41500929377273,170.26102395751892,159.5449979388041,172.0,170.41500929377273,170.26102395751892,159.5449979388041,157.0,170.41500929377273,159.0,base_only
2018-07-17,4,169.0,175.82902322829167,175.5381029703527,166.14354045133103,169.0,175.82902322829167,175.5381029703527,166.14354045133103,161.0,175.82902322829167,167.5,base_only
2018-07-18,4,143.0,162.46213042937617,162.14142833236215,160.77119284485082,143.0,162.46213042937617,162.14142833236215,160.77119284485082,144.0,162.46213042937617,133.0,base_only
2018-07-19,4,173.0,159.657529759356,159.41468224028205,163.11104370818484,173.0,159.657529759356,159.41468224028205,163.11104370818484,179.0,159.657529759356,137.5,base_only
2018-07-20,4,144.0,153.57638820594659,153.49251090309033,161.14599276704857,144.0,153.57638820594659,153.49251090309033,161.14599276704857,195.0,153.57638820594659,158.5,base_only
2018-07-21,4,87.0,115.14213196361123,114.61038687649818,125.44784876728806,87.0,115.14213196361123,114.61038687649818,125.44784876728806,125.0,115.14213196361123,139.0,base_only
2018-07-22,4,93.0,97.62955090857807,97.33434162807258,112.60304683026578,93.0,97.62955090857807,97.33434162807258,112.60304683026578,117.0,97.62955090857807,106.5,base_only
2018-07-23,4,120.0,147.12099927738535,146.94827164618803,152.2390881154439,120.0,147.12099927738535,146.94827164618803,152.2390881154439,172.0,147.12099927738535,119.0,base_only
2018-07-24,4,140.0,142.63715093587822,142.15882852438813,158.64281558677408,140.0,142.63715093587822,142.15882852438813,158.64281558677408,169.0,142.63715093587822,141.0,base_only
2018-07-25,4,116.0,142.23552930541723,142.04689003009707,148.62517834049368,116.0,142.23552930541723,142.04689003009707,148.62517834049368,143.0,142.23552930541723,134.0,base_only
2018-07-26,4,124.0,136.28901635289108,135.93759453631327,153.3315640483956,124.0,136.28901635289108,135.93759453631327,153.3315640483956,173.0,136.28901635289108,123.5,base_only
2018-07-27,4,120.0,116.52442433704267,116.41831381988555,141.170225461653,120.0,116.52442433704267,116.41831381988555,141.170225461653,144.0,116.52442433704267,115.0,base_only
2018-07-28,4,83.0,85.60067831710768,85.54733870787732,117.18042403867733,83.0,85.60067831710768,85.54733870787732,117.18042403867733,87.0,85.60067831710768,98.0,base_only
2018-07-29,4,99.0,73.40947040186529,74.0097732074624,113.59936082402929,99.0,73.40947040186529,74.0097732074624,113.59936082402929,93.0,73.40947040186529,85.0,base_only
2018-07-30,4,138.0,129.20198984706624,129.18106183692885,133.87476501160677,138.0,129.20198984706624,129.18106183692885,133.87476501160677,120.0,129.20198984706624,99.5,base_only
2018-07-31,4,130.0,130.23048026109362,129.81951967407284,141.8256163567151,130.0,130.23048026109362,129.81951967407284,141.8256163567151,140.0,130.23048026109362,151.0,base_only
2018-08-01,4,170.0,172.96767045011433,172.34953167425314,147.28478387969065,170.0,172.96767045011433,172.34953167425314,147.28478387969065,116.0,172.96767045011433,177.5,base_only
2018-08-02,4,152.0,159.9104275363344,159.21504070815706,146.0626772730473,152.0,159.9104275363344,159.21504070815706,146.0626772730473,124.0,159.9104275363344,172.5,base_only
2018-08-03,4,134.0,143.78852426430277,143.50216050854738,138.00129787401093,134.0,143.78852426430277,143.50216050854738,138.00129787401093,120.0,143.78852426430277,154.5,base_only
2018-08-04,4,117.0,110.73092646752104,110.48005799760065,119.16436467242033,117.0,110.73092646752104,110.48005799760065,119.16436467242033,83.0,110.73092646752104,124.0,base_only
2018-08-05,4,110.0,103.24875864126331,103.02147474623611,112.82829268899212,110.0,103.24875864126331,103.02147474623611,112.82829268899212,99.0,103.24875864126331,116.0,base_only
2018-08-06,4,129.0,149.5206514867391,149.0831909307545,141.51008773709356,129.0,149.5206514867391,149.0831909307545,141.51008773709356,138.0,149.5206514867391,143.0,base_only
2018-08-07,4,150.0,154.75957958346368,154.40929390999187,143.9489815702717,150.0,154.75957958346368,154.40929390999187,143.9489815702717,130.0,154.75957958346368,173.0,base_only
2018-08-08,4,169.0,156.12344343521642,155.93884765143065,155.82290076649633,169.0,156.12344343521642,155.93884765143065,155.82290076649633,170.0,156.12344343521642,180.5,base_only
2018-08-09,4,170.0,164.9861331997344,164.49837502577847,155.54483181129865,170.0,164.9861331997344,164.49837502577847,155.54483181129865,152.0,164.9861331997344,188.5,base_only
2018-08-10,4,138.0,157.65934320251583,157.70682154197792,145.75981523699912,138.0,157.65934320251583,157.70682154197792,145.75981523699912,134.0,157.65934320251583,177.5,base_only
2018-08-11,4,99.0,122.5976526934279,122.32000186271863,120.06419578160873,99.0,122.5976526934279,122.32000186271863,120.06419578160873,117.0,122.5976526934279,153.0,base_only
2018-08-12,4,121.0,95.76721617778927,95.33172697355579,104.75571051988715,121.0,95.76721617778927,95.33172697355579,104.75571051988715,110.0,95.76721617778927,129.5,base_only
2018-08-13,4,151.0,154.41862480949564,154.29174393882076,145.22033178068767,151.0,154.41862480949564,154.29174393882076,145.22033178068767,129.0,154.41862480949564,153.0,base_only
2018-08-14,4,184.0,161.2747925173538,161.01762474729097,156.35502973028127,184.0,161.2747925173538,161.01762474729097,156.35502973028127,150.0,161.2747925173538,182.0,base_only
2018-08-15,4,183.0,169.3434611445784,169.59583901117836,165.41724729365842,183.0,169.3434611445784,169.59583901117836,165.41724729365842,169.0,169.3434611445784,173.5,base_only
2018-08-16,4,163.0,172.01366540257067,171.57559223327007,166.87601340406815,163.0,172.01366540257067,171.57559223327007,166.87601340406815,170.0,172.01366540257067,178.5,base_only
2018-08-17,4,162.0,155.60725472780135,154.99830308845654,142.996530869891,162.0,155.60725472780135,154.99830308845654,142.996530869891,138.0,155.60725472780135,165.5,base_only
2018-08-18,4,115.0,122.0851236316135,121.90974795050958,123.65265584563852,115.0,122.0851236316135,121.90974795050958,123.65265584563852,99.0,122.0851236316135,133.5,base_only
2018-08-19,4,99.0,102.16355516697743,102.10033672286595,117.71651932333731,99.0,102.16355516697743,102.10033672286595,117.71651932333731,121.0,102.16355516697743,107.5,base_only
2018-08-20,4,158.0,145.6599438067158,145.78804870731386,148.1958391841427,158.0,145.6599438067158,145.78804870731386,148.1958391841427,151.0,145.6599438067158,113.5,base_only
2018-08-21,4,169.0,163.24309782850395,163.07827775871246,166.49783621076386,169.0,163.24309782850395,163.07827775871246,166.49783621076386,184.0,163.24309782850395,139.0,base_only
2018-08-22,4,170.0,160.26021755547185,159.78591005624935,168.06180270356913,170.0,160.26021755547185,159.78591005624935,168.06180270356913,183.0,160.26021755547185,152.0,base_only
2018-08-23,4,166.0,158.0470141734456,157.86372586100163,161.0675891736774,166.0,158.0470141734456,157.86372586100163,161.0675891736774,163.0,158.0470141734456,164.5,base_only
2018-08-24,4,157.0,144.73403337005345,145.01888777283256,153.04397478414387,157.0,144.73403337005345,145.01888777283256,153.04397478414387,162.0,144.73403337005345,152.5,base_only
2018-08-25,4,107.0,113.50550327015837,113.24364273474325,117.54273785889538,107.0,113.50550327015837,113.24364273474325,117.54273785889538,115.0,113.50550327015837,119.0,base_only
2018-08-26,4,92.0,93.32656017385068,92.74597901307762,106.77300256191484,92.0,93.32656017385068,92.74597901307762,106.77300256191484,99.0,93.32656017385068,104.0,base_only
2018-08-27,4,137.0,136.89122455591794,136.51913142734492,140.8800430120197,137.0,136.89122455591794,136.51913142734492,140.8800430120197,158.0,136.89122455591794,117.5,base_only
2018-08-28,4,133.0,144.91640815987233,144.5526015286334,157.35356220532415,133.0,144.91640815987233,144.5526015286334,157.35356220532415,169.0,144.91640815987233,129.0,base_only
2018-08-29,4,115.0,144.02829017382936,143.96671761806155,160.0159499595828,115.0,144.02829017382936,143.96671761806155,160.0159499595828,170.0,144.02829017382936,137.5,base_only
2018-08-30,4,139.0,132.61822363742246,132.85085081112538,152.11135723389572,139.0,132.61822363742246,132.85085081112538,152.11135723389572,166.0,132.61822363742246,154.0,base_only
2018-08-31,4,125.0,120.47766953792843,120.7635766126445,143.6644761152712,125.0,120.47766953792843,120.7635766126445,143.6644761152712,157.0,120.47766953792843,168.5,base_only
2018-09-01,5,140.0,137.61230734843252,137.61230734843252,125.85084634892533,140.0,137.61230734843252,137.61230734843252,125.85084634892533,107.0,134.49888644853988,141.0,residual_only
2018-09-02,5,106.0,99.7678493403811,99.7678493403811,112.45309378201763,106.0,99.7678493403811,99.7678493403811,112.45309378201763,92.0,98.25393996416736,105.5,residual_only
2018-09-03,5,165.0,141.8890121612143,141.8890121612143,138.23921568864844,165.0,141.8890121612143,141.8890121612143,138.23921568864844,137.0,141.35352557731323,140.0,residual_only
2018-09-04,5,169.0,153.70235743104897,153.70235743104897,141.63987150169046,169.0,153.70235743104897,153.70235743104897,141.63987150169046,133.0,162.02172629503787,184.0,residual_only
2018-09-05,5,147.0,155.7702133896995,155.7702133896995,145.73756440058895,147.0,155.7702133896995,155.7702133896995,145.73756440058895,115.0,164.05655718009712,181.5,residual_only
2018-09-06,5,150.0,144.6793413556859,144.6793413556859,151.11139812554364,150.0,144.6793413556859,144.6793413556859,151.11139812554364,139.0,148.17770052048664,154.0,residual_only
2018-09-07,5,109.0,142.87772604901488,142.87772604901488,146.14097083669205,109.0,142.87772604901488,142.87772604901488,146.14097083669205,125.0,143.0741328054209,141.5,residual_only
2018-09-08,5,95.0,100.52476457433822,100.52476457433822,107.44515891045125,95.0,100.52476457433822,100.52476457433822,107.44515891045125,140.0,98.65687332411095,138.5,residual_only
2018-09-09,5,126.0,89.78558236126301,89.78558236126301,99.99389759115294,126.0,89.78558236126301,89.78558236126301,99.99389759115294,106.0,88.75243328167366,124.5,residual_only
2018-09-10,5,156.0,150.47881859231546,150.47881859231546,149.86545896698675,156.0,150.47881859231546,150.47881859231546,149.86545896698675,165.0,149.37647987072805,146.5,residual_only
2018-09-11,5,171.0,162.5990754547178,162.5990754547178,161.35785873641407,171.0,162.5990754547178,162.5990754547178,161.35785873641407,169.0,160.6241333263964,188.5,residual_only
2018-09-12,5,190.0,168.30976766525697,168.30976766525697,160.67696622044974,190.0,168.30976766525697,168.30976766525697,160.67696622044974,147.0,166.69986872922777,207.0,residual_only
2018-09-13,5,180.0,173.56422662588201,173.56422662588201,164.0137405734675,180.0,173.56422662588201,173.56422662588201,164.0137405734675,150.0,170.9405425835989,200.5,residual_only
2018-09-14,5,151.0,158.00961570871965,158.00961570871965,151.08174057379176,151.0,158.00961570871965,158.00961570871965,151.08174057379176,109.0,157.85564403668954,181.5,residual_only
2018-09-15,5,128.0,129.27128558126802,129.27128558126802,118.5093485839586,128.0,129.27128558126802,129.27128558126802,118.5093485839586,95.0,127.0631558508459,149.5,residual_only
2018-09-16,5,125.0,107.97688450850706,107.97688450850706,109.99527955476118,125.0,107.97688450850706,107.97688450850706,109.99527955476118,126.0,111.5744375540194,125.5,residual_only
2018-09-17,5,163.0,157.31157801984705,157.31157801984705,150.92730223411658,163.0,157.31157801984705,157.31157801984705,150.92730223411658,156.0,159.91043040008603,143.0,residual_only
2018-09-18,5,176.0,171.01819154337568,171.01819154337568,162.51876941756427,176.0,171.01819154337568,171.01819154337568,162.51876941756427,171.0,170.07802222517182,165.0,residual_only
2018-09-19,5,163.0,171.7547902948548,171.7547902948548,172.39876724855088,163.0,171.7547902948548,171.7547902948548,172.39876724855088,190.0,169.36899244002,167.5,residual_only
2018-09-20,5,158.0,160.01266391003682,160.01266391003682,161.33686259875452,158.0,160.01266391003682,160.01266391003682,161.33686259875452,180.0,157.82992468475695,158.0,residual_only
2018-09-21,5,146.0,147.60478155745858,147.60478155745858,148.99529106041254,146.0,147.60478155745858,147.60478155745858,148.99529106041254,151.0,146.64715403279862,156.0,residual_only
2018-09-22,5,110.0,117.60954757908091,117.60954757908091,119.19271730077921,110.0,117.60954757908091,117.60954757908091,119.19271730077921,128.0,115.79733366346838,136.0,residual_only
2018-09-23,5,100.0,95.88737779334144,95.88737779334144,113.08126933049144,100.0,95.88737779334144,95.88737779334144,113.08126933049144,125.0,94.48623736038168,100.5,residual_only
2018-09-24,5,163.0,143.80089209165996,143.80089209165996,149.74674301852403,163.0,143.80089209165996,143.80089209165996,149.74674301852403,163.0,141.62302320811006,112.0,residual_only
2018-09-25,5,162.0,158.3851487039006,158.3851487039006,159.97707541114383,162.0,158.3851487039006,158.3851487039006,159.97707541114383,176.0,157.09265081954942,146.5,residual_only
2018-09-26,5,147.0,149.01387644478888,149.01387644478888,154.19035461620035,147.0,149.01387644478888,149.01387644478888,154.19035461620035,163.0,146.98646492157852,150.5,residual_only
2018-09-27,5,166.0,146.8627117197734,146.8627117197734,154.02978201334184,166.0,146.8627117197734,146.8627117197734,154.02978201334184,158.0,144.52876258207317,146.0,residual_only
2018-09-28,5,120.0,131.05662790985167,131.05662790985167,141.2508133125051,120.0,131.05662790985167,131.05662790985167,141.2508133125051,146.0,133.14357030952115,126.0,residual_only
2018-09-29,5,105.0,92.57895403297475,92.57895403297475,106.09092564945608,105.0,92.57895403297475,92.57895403297475,106.09092564945608,110.0,94.08626360441137,98.0,residual_only
2018-09-30,5,112.0,81.08656602343524,81.08656602343524,96.39647240281207,112.0,81.08656602343524,81.08656602343524,96.39647240281207,100.0,80.43935675378404,109.0,residual_only
2018-10-01,5,223.0,184.47507448883906,184.47507448883906,158.56638944748784,223.0,184.47507448883906,184.47507448883906,158.56638944748784,163.0,184.9668214009889,143.0,residual_only
2018-10-02,5,196.0,183.2769862146157,183.2769862146157,185.68172568839856,196.0,183.2769862146157,183.2769862146157,185.68172568839856,162.0,183.30954834744367,161.5,residual_only
2018-10-03,5,173.0,175.7091269009871,175.7091269009871,176.03746957516705,173.0,175.7091269009871,175.7091269009871,176.03746957516705,147.0,174.44181700388722,152.5,residual_only
2018-10-04,5,181.0,165.05604471627043,165.05604471627043,172.13843209506496,181.0,165.05604471627043,165.05604471627043,172.13843209506496,166.0,167.97006330633687,149.5,residual_only
2018-10-05,5,176.0,152.8603376890514,152.8603376890514,152.4885128276517,176.0,152.8603376890514,152.8603376890514,152.4885128276517,120.0,159.2861718616894,155.0,residual_only
2018-10-06,5,116.0,124.6552585188296,124.6552585188296,125.8222731554198,116.0,124.6552585188296,124.6552585188296,125.8222731554198,105.0,129.87475482763261,137.0,residual_only
2018-10-07,5,93.0,114.62636592616366,114.62636592616366,119.82387338258712,93.0,114.62636592616366,114.62636592616366,119.82387338258712,112.0,117.66199147475439,120.5,residual_only
2018-10-08,5,173.0,158.24018124154637,158.24018124154637,154.90488664921457,173.0,158.24018124154637,158.24018124154637,154.90488664921457,223.0,159.54013746434504,142.0,residual_only
2018-10-09,5,173.0,174.3718774380146,174.3718774380146,177.13795514714616,173.0,174.3718774380146,174.3718774380146,177.13795514714616,196.0,173.20251259577407,170.5,residual_only
2018-10-10,5,195.0,162.46474444232246,162.46474444232246,173.587853451387,195.0,162.46474444232246,162.46474444232246,173.587853451387,173.0,162.75667113532242,166.0,residual_only
2018-10-11,5,179.0,171.4381192096048,171.4381192096048,178.60227820566644,179.0,171.4381192096048,171.4381192096048,178.60227820566644,181.0,172.33969426637637,136.0,residual_only
2018-10-12,5,124.0,153.04157730583628,153.04157730583628,165.89264933577624,124.0,153.04157730583628,153.04157730583628,165.89264933577624,176.0,154.3529038320567,131.0,residual_only
2018-10-13,5,132.0,107.38320935206363,107.38320935206363,118.3604523586155,132.0,107.38320935206363,107.38320935206363,118.3604523586155,116.0,105.98486747431323,133.0,residual_only
2018-10-14,5,117.0,106.30266307961256,106.30266307961256,119.01949477088691,117.0,106.30266307961256,106.30266307961256,119.01949477088691,93.0,109.90497959223768,120.5,residual_only
2018-10-15,5,184.0,151.95829651709843,151.95829651709843,165.64130195498382,184.0,151.95829651709843,151.95829651709843,165.64130195498382,173.0,151.65210437561927,126.0,residual_only
2018-10-16,5,203.0,173.21335811592698,173.21335811592698,180.36138761625918,203.0,173.21335811592698,173.21335811592698,180.36138761625918,173.0,171.76097903258034,149.0,residual_only
2018-10-17,5,174.0,175.01128120941254,175.01128120941254,180.7559815162328,174.0,175.01128120941254,175.01128120941254,180.7559815162328,195.0,173.94051972841388,155.5,residual_only
2018-10-18,5,199.0,160.9289977397955,160.9289977397955,171.1568189035804,199.0,160.9289977397955,160.9289977397955,171.1568189035804,179.0,160.36824326957654,154.5,residual_only
2018-10-19,5,190.0,165.24086236147144,165.24086236147144,164.41668474024624,190.0,165.24086236147144,165.24086236147144,164.41668474024624,124.0,166.02289210163033,164.0,residual_only
2018-10-20,5,123.0,129.75861009738622,129.75861009738622,130.2684698034247,123.0,129.75861009738622,129.75861009738622,130.2684698034247,132.0,132.68597694208387,135.5,residual_only
2018-10-21,5,115.0,101.28607050397189,101.28607050397189,118.33828821050022,115.0,101.28607050397189,101.28607050397189,118.33828821050022,117.0,104.49121861579908,97.0,residual_only
2018-10-22,5,163.0,166.70371651222695,166.70371651222695,168.5666747459315,163.0,166.70371651222695,166.70371651222695,168.5666747459315,184.0,161.41356905670293,115.5,residual_only
2018-10-23,5,181.0,167.82849421975925,167.82849421975925,173.78578285965315,181.0,167.82849421975925,167.82849421975925,173.78578285965315,203.0,162.61507865915385,135.5,residual_only
2018-10-24,5,153.0,158.85521699063386,158.85521699063386,172.00738045216116,153.0,158.85521699063386,158.85521699063386,172.00738045216116,174.0,160.37248642638883,128.5,residual_only
2018-10-25,5,190.0,154.81501561020863,154.81501561020863,166.0514374264605,190.0,154.81501561020863,154.81501561020863,166.0514374264605,199.0,156.1809412503356,133.0,residual_only
2018-10-26,5,154.0,152.15322974517102,152.15322974517102,162.98771939767528,154.0,152.15322974517102,152.15322974517102,162.98771939767528,190.0,151.37278654974898,131.5,residual_only
2018-10-27,5,113.0,109.26576229528449,109.26576229528449,119.63303057871781,113.0,109.26576229528449,109.26576229528449,119.63303057871781,123.0,109.68280886300312,111.0,residual_only
2018-10-28,5,109.0,88.12991209385089,88.12991209385089,105.77672876780429,109.0,88.12991209385089,88.12991209385089,105.77672876780429,115.0,94.0705025659031,95.5,residual_only
2018-10-29,5,147.0,148.46133785308987,148.46133785308987,154.99357043914938,147.0,148.46133785308987,148.46133785308987,154.99357043914938,163.0,150.42418733678647,104.0,residual_only
2018-10-30,5,163.0,150.958907837021,150.958907837021,168.3073073707991,163.0,150.958907837021,150.958907837021,168.3073073707991,181.0,149.96797309864078,117.5,residual_only
2018-10-31,5,138.0,148.13522551426777,148.13522551426777,153.35126748378977,138.0,148.13522551426777,148.13522551426777,153.35126748378977,153.0,145.0661166653705,143.5,residual_only
2018-11-01,6,249.0,191.85388025440855,190.18497645280956,193.21934700117134,249.0,191.85388025440855,190.18497645280956,193.21934700117134,190.0,187.62959016023123,138.0,blend
2018-11-02,6,177.0,180.9071412781698,182.63337611133778,179.49476732375962,177.0,180.9071412781698,182.63337611133778,179.49476732375962,154.0,182.18390172614366,126.5,blend
2018-11-03,6,160.0,131.84126537273028,131.85903654515556,131.82672532256416,160.0,131.84126537273028,131.85903654515556,131.82672532256416,113.0,131.3849790891679,131.0,blend
2018-11-04,6,149.0,127.68110318885832,127.43177754256028,127.8850968994658,149.0,127.68110318885832,127.43177754256028,127.8850968994658,109.0,128.01440085717968,115.5,blend
2018-11-05,6,170.0,175.01103135546245,176.37891708429083,173.89185212278466,170.0,175.01103135546245,176.37891708429083,173.89185212278466,147.0,179.404304891484,136.0,blend
2018-11-06,6,191.0,173.62931153392321,170.8826616042079,175.8765705673266,191.0,173.62931153392321,170.8826616042079,175.8765705673266,163.0,171.91105124327703,147.5,blend
2018-11-07,6,180.0,183.98395752966087,184.9952336708432,183.15654977778445,180.0,183.98395752966087,184.9952336708432,183.15654977778445,138.0,187.634901783065,147.0,blend
2018-11-08,6,186.0,175.83832728623943,172.97252137253605,178.18307757926945,186.0,175.83832728623943,172.97252137253605,178.18307757926945,249.0,181.20562904887566,155.5,blend
2018-11-09,6,181.0,162.97671796555457,159.98236671680579,165.42664171453083,181.0,162.97671796555457,159.98236671680579,165.42664171453083,177.0,165.23314698238337,155.5,blend
2018-11-10,6,164.0,134.1843387601785,132.18231634703167,135.8223570982077,164.0,134.1843387601785,132.18231634703167,135.8223570982077,160.0,134.44655719182057,135.0,blend
2018-11-11,6,142.0,124.1220756918525,122.97400159082699,125.06140904723702,142.0,124.1220756918525,122.97400159082699,125.06140904723702,149.0,121.33927286056738,105.5,blend
2018-11-12,6,182.0,171.12297348261643,170.74210349124263,171.43459438464953,182.0,171.12297348261643,170.74210349124263,171.43459438464953,170.0,165.53147602755672,118.5,blend
2018-11-13,6,193.0,180.1287297675522,179.7828408720003,180.4117297730037,193.0,180.1287297675522,179.7828408720003,180.4117297730037,191.0,176.64090680454674,140.0,blend
2018-11-14,6,180.0,178.37598821779952,173.17903944210772,182.6280372160928,180.0,178.37598821779952,173.17903944210772,182.6280372160928,180.0,169.84667421767188,142.0,blend
2018-11-15,6,155.0,179.70540571180203,181.9202255983609,177.89328035007202,155.0,179.70540571180203,181.9202255983609,177.89328035007202,186.0,178.51651546841748,155.0,blend
2018-11-16,6,168.0,153.61605493440675,151.67410882836927,155.20491993025558,168.0,153.61605493440675,151.67410882836927,155.20491993025558,181.0,151.09126894890426,165.5,blend
2018-11-17,6,125.0,123.82897448474024,123.06331679834487,124.45542168270009,125.0,123.82897448474024,123.06331679834487,124.45542168270009,164.0,123.54536551194943,135.5,blend
2018-11-18,6,112.0,110.68149550438736,104.95872307813562,115.36376385313876,112.0,110.68149550438736,104.95872307813562,115.36376385313876,142.0,101.06711032617129,102.0,blend
2018-11-19,6,135.0,148.31822012049474,147.83547580213826,148.71319274460456,135.0,148.31822012049474,147.83547580213826,148.71319274460456,182.0,148.99697470447416,112.0,blend
2018-11-20,6,143.0,153.69542981694292,152.43489409572024,154.726777225216,143.0,153.69542981694292,152.43489409572024,154.726777225216,193.0,155.45627014318225,147.0,blend
2018-11-21,6,150.0,137.59538235775966,127.05236588972856,146.2214867406942,150.0,137.59538235775966,127.05236588972856,146.2214867406942,180.0,137.6748859244078,150.5,blend
2018-11-22,6,182.0,148.30708412405278,145.06133296716695,150.96269870695932,182.0,148.30708412405278,145.06133296716695,150.96269870695932,155.0,148.39101169131376,142.5,blend
2018-11-23,6,146.0,150.75277872479774,149.5243256355015,151.75787670694916,146.0,150.75277872479774,149.5243256355015,151.75787670694916,168.0,145.33471741400538,130.0,blend
2018-11-24,6,108.0,109.36128417799347,109.87583974978399,108.9402841647103,108.0,109.36128417799347,109.87583974978399,108.9402841647103,125.0,110.19918279098316,113.0,blend
2018-11-25,6,94.0,94.3662764579086,90.45780186032349,97.56411931047822,94.0,94.3662764579086,90.45780186032349,97.56411931047822,112.0,92.19862404767332,107.5,blend
2018-11-26,6,125.0,124.19904853664846,123.59943163175029,124.68964418611057,125.0,124.19904853664846,123.59943163175029,124.68964418611057,135.0,129.89053686465925,106.0,blend
2018-11-27,6,131.0,136.9708561371629,136.37397252899467,137.45921545293692,131.0,136.9708561371629,136.37397252899467,137.45921545293692,143.0,136.1661381204998,124.5,blend
2018-11-28,6,119.0,134.96916515426102,132.2538495981679,137.19078697288268,119.0,134.96916515426102,132.2538495981679,137.19078697288268,150.0,130.24947902155446,128.0,blend
2018-11-29,6,147.0,140.10935984949896,135.50203529564206,143.8789890299273,147.0,140.10935984949896,135.50203529564206,143.8789890299273,182.0,131.81997556328918,126.5,blend
2018-11-30,6,128.0,127.73176098967053,125.73042650586181,129.3692164764231,128.0,127.73176098967053,125.73042650586181,129.3692164764231,146.0,120.56771097948388,162.0,blend
2018-12-01,6,136.0,133.61596726737403,136.69179835027404,131.09937819954675,136.0,133.61596726737403,136.69179835027404,131.09937819954675,108.0,134.95343945418986,146.0,blend
2018-12-02,6,113.0,95.5796501007176,95.971549051729,95.25900550443552,113.0,95.5796501007176,95.971549051729,95.25900550443552,94.0,94.07224927657842,104.5,blend
2018-12-03,6,143.0,130.22021591479665,132.32845759500816,128.4952909037145,143.0,130.22021591479665,132.32845759500816,128.4952909037145,125.0,133.92534563787348,129.0,blend
2018-12-04,6,160.0,141.04805829949996,141.68245671612962,140.5290050495302,160.0,141.04805829949996,141.68245671612962,140.5290050495302,131.0,142.26429621032088,155.5,blend
2018-12-05,6,169.0,152.65859776633874,148.72300216035165,155.87863053487365,169.0,152.65859776633874,148.72300216035165,155.87863053487365,119.0,145.1343374069477,153.5,blend
2018-12-06,6,166.0,158.1502493055324,153.15297929526682,162.23892476847698,166.0,158.1502493055324,153.15297929526682,162.23892476847698,147.0,154.07377767409056,158.5,blend
2018-12-07,6,161.0,144.9212072546169,145.45804856822858,144.4819734525709,161.0,144.9212072546169,145.45804856822858,144.4819734525709,128.0,146.87695223878603,158.0,blend
2018-12-08,6,105.0,109.04528533390277,112.58822683469823,106.1465150150701,105.0,109.04528533390277,112.58822683469823,106.1465150150701,136.0,121.11822857058272,130.0,blend
2018-12-09,6,109.0,96.7465363113453,92.17054341746285,100.49053049724908,109.0,96.7465363113453,92.17054341746285,100.49053049724908,113.0,94.0912761117072,108.0,blend
2018-12-10,6,127.0,146.12487226756994,146.20961108040734,146.05554051161204,127.0,146.12487226756994,146.20961108040734,146.05554051161204,143.0,141.38510810684176,114.5,blend
2018-12-11,6,137.0,147.72380530151943,152.0213490432126,144.20763314922502,137.0,147.72380530151943,152.0213490432126,144.20763314922502,160.0,143.77746614057816,136.0,blend
2018-12-12,6,147.0,149.21000683032784,153.38749056681124,145.79206559138686,147.0,149.21000683032784,153.38749056681124,145.79206559138686,169.0,144.03899839425245,153.0,blend
2018-12-13,6,150.0,144.3152188250046,142.74125204765258,145.60300982465625,150.0,144.3152188250046,142.74125204765258,145.60300982465625,166.0,142.47534452656183,159.0,blend
2018-12-14,6,173.0,130.9812736933707,128.35326074580908,133.131466105012,173.0,130.9812736933707,128.35326074580908,133.131466105012,161.0,129.41767746043232,142.0,blend
2018-12-15,6,104.0,115.79025033049766,116.5235946685729,115.1902413266179,104.0,115.79025033049766,116.5235946685729,115.1902413266179,105.0,113.33309583945797,100.0,blend
2018-12-16,6,103.0,88.44088942254932,86.53259241980976,90.00222333388167,103.0,88.44088942254932,86.53259241980976,90.00222333388167,109.0,84.73150693764052,79.0,blend
2018-12-17,6,127.0,127.37528517310193,134.69182444724137,121.38902576698783,127.0,127.37528517310193,134.69182444724137,121.38902576698783,127.0,134.0369518703953,98.5,blend
2018-12-18,6,141.0,131.06822165492474,134.28416091008478,128.43699862797558,141.0,131.06822165492474,134.28416091008478,128.43699862797558,137.0,135.53613732622213,121.5,blend
2018-12-19,6,114.0,132.33869741789619,134.7598576230414,130.35774815914098,114.0,132.33869741789619,134.7598576230414,130.35774815914098,147.0,136.2584027821469,131.0,blend
2018-12-20,6,135.0,126.00460286456307,125.43282829076976,126.4724184249394,135.0,126.00460286456307,125.43282829076976,126.4724184249394,150.0,128.61078404461446,118.5,blend
2018-12-21,6,110.0,118.21975711178425,117.05356808606528,119.17391176919067,110.0,118.21975711178425,117.05356808606528,119.17391176919067,173.0,116.87675849215012,93.0,blend
2018-12-22,6,99.0,76.95235555990118,77.82615596924695,76.23742795225462,99.0,76.95235555990118,77.82615596924695,76.23742795225462,104.0,77.22488389782211,72.5,blend
2018-12-23,6,71.0,71.54985846296282,69.27846866576635,73.40826829703263,71.0,71.54985846296282,69.27846866576635,73.40826829703263,103.0,69.64424440563988,62.5,blend
2018-12-24,6,72.0,103.61262116232808,99.69289688970083,106.81966829447765,72.0,103.61262116232808,99.69289688970083,106.81966829447765,127.0,107.04696374123198,62.5,blend
2018-12-25,6,75.0,98.9051354102137,94.10393829711448,102.83338759365851,75.0,98.9051354102137,94.10393829711448,102.83338759365851,141.0,102.87995068540353,84.0,blend
2018-12-26,6,111.0,98.8896868820959,97.58494531594891,99.95720270894343,111.0,98.8896868820959,97.58494531594891,99.95720270894343,114.0,100.12963130675621,111.0,blend
2018-12-27,6,98.0,107.41658932942431,104.21491457838944,110.03614139845284,98.0,107.41658932942431,104.21491457838944,110.03614139845284,135.0,104.86144625433477,107.0,blend
2018-12-28,6,59.0,97.82500524740536,93.66630621756143,101.22757718091401,59.0,97.82500524740536,93.66630621756143,101.22757718091401,110.0,90.82316861746716,92.0,blend
2018-12-29,6,76.0,66.26960956634748,54.158948719999565,76.17833207699577,76.0,66.26960956634748,54.158948719999565,76.17833207699577,99.0,52.41207560537538,79.5,blend
2018-12-30,6,67.0,64.63632391435581,49.24657332294451,77.22793803460141,67.0,64.63632391435581,49.24657332294451,77.22793803460141,71.0,45.88558492420741,64.0,blend
2018-12-31,6,56.0,109.57671111305297,122.28495490308491,99.17905710302682,56.0,109.57671111305297,122.28495490308491,99.17905710302682,72.0,121.2034430754108,69.0,blend
2019-01-01,7,92.0,118.79989055312299,138.1967708732091,118.79989055312299,92.0,118.79989055312299,138.1967708732091,118.79989055312299,75.0,138.05783060524752,110.5,direct_only
2019-01-02,7,123.0,109.27214511338198,105.97441996958074,109.27214511338198,123.0,109.27214511338198,105.97441996958074,109.27214511338198,111.0,103.87789977869099,131.5,direct_only
2019-01-03,7,130.0,109.82180779606534,105.36285959685381,109.82180779606534,130.0,109.82180779606534,105.36285959685381,109.82180779606534,98.0,103.86373982983756,115.5,direct_only
2019-01-04,7,116.0,103.80811203259037,108.26304524936597,103.80811203259037,116.0,103.80811203259037,108.26304524936597,103.80811203259037,59.0,109.41394290098576,111.5,direct_only
2019-01-05,7,88.0,76.83838629444047,81.90153127150818,76.83838629444047,88.0,76.83838629444047,81.90153127150818,76.83838629444047,76.0,84.53694047654142,91.0,direct_only
2019-01-06,7,63.0,78.28494815054698,67.06675032418715,78.28494815054698,63.0,78.28494815054698,67.06675032418715,78.28494815054698,67.0,68.61157429018878,78.0,direct_only
2019-01-07,7,111.0,104.80216722652672,101.73151616865894,104.80216722652672,111.0,104.80216722652672,101.73151616865894,104.80216722652672,56.0,102.03548912798291,100.0,direct_only
2019-01-08,7,109.0,116.57966081178378,116.85770924749372,116.57966081178378,109.0,116.57966081178378,116.85770924749372,116.57966081178378,92.0,115.0627469302132,106.0,direct_only
2019-01-09,7,116.0,111.03880660447429,112.8960410581777,111.03880660447429,116.0,111.03880660447429,112.8960410581777,111.03880660447429,123.0,111.89952171014258,99.5,direct_only
2019-01-10,7,105.0,113.3203856396167,120.05791055513058,113.3203856396167,105.0,113.3203856396167,120.05791055513058,113.3203856396167,130.0,117.8106355845724,111.0,direct_only
2019-01-11,7,127.0,108.44159108960056,107.90778265358163,108.44159108960056,127.0,108.44159108960056,107.90778265358163,108.44159108960056,116.0,105.29726032797353,116.0,direct_only
2019-01-12,7,76.0,83.48144660780889,86.36741464154963,83.48144660780889,76.0,83.48144660780889,86.36741464154963,83.48144660780889,88.0,84.75024954578319,93.0,direct_only
2019-01-13,7,56.0,76.52022801730729,62.186812233774944,76.52022801730729,56.0,76.52022801730729,62.186812233774944,76.52022801730729,63.0,62.97107055216682,76.5,direct_only
2019-01-14,7,103.0,100.5748188329205,102.57328256758478,100.5748188329205,103.0,100.5748188329205,102.57328256758478,100.5748188329205,111.0,100.34916379772108,94.0,direct_only
2019-01-15,7,94.0,106.52289795488954,113.39787296950642,106.52289795488954,94.0,106.52289795488954,113.39787296950642,106.52289795488954,109.0,111.45775247025408,114.0,direct_only
2019-01-16,7,92.0,97.63173703641854,99.16846765411496,97.63173703641854,92.0,97.63173703641854,99.16846765411496,97.63173703641854,116.0,98.3219816005566,105.0,direct_only
2019-01-17,7,89.0,101.62894765299825,104.25422057512814,101.62894765299825,89.0,101.62894765299825,104.25422057512814,101.62894765299825,105.0,104.64733139865012,108.5,direct_only
2019-01-18,7,73.0,93.42025444807578,87.34230262164421,93.42025444807578,73.0,93.42025444807578,87.34230262164421,93.42025444807578,127.0,87.56523792159985,109.0,direct_only
2019-01-19,7,66.0,70.48475592473818,56.41905298473501,70.48475592473818,66.0,70.48475592473818,56.41905298473501,70.48475592473818,76.0,56.588054073352694,83.0,direct_only
2019-01-20,7,72.0,60.79616598664119,45.690827641258316,60.79616598664119,72.0,60.79616598664119,45.690827641258316,60.79616598664119,56.0,46.435924683472805,68.5,direct_only
2019-01-21,7,97.0,94.41425933671127,88.89034170672286,94.41425933671127,97.0,94.41425933671127,88.89034170672286,94.41425933671127,103.0,89.0810722896209,83.5,direct_only
2019-01-22,7,108.0,94.02328922478593,94.64042969920219,94.02328922478593,108.0,94.02328922478593,94.64042969920219,94.02328922478593,94.0,94.3145197209966,102.5,direct_only
2019-01-23,7,101.0,93.78618151890646,97.46112216876102,93.78618151890646,101.0,93.78618151890646,97.46112216876102,93.78618151890646,92.0,98.30621658098372,95.0,direct_only
2019-01-24,7,78.0,99.95591943664363,88.8850939005621,99.95591943664363,78.0,99.95591943664363,88.8850939005621,99.95591943664363,89.0,89.42976033704402,77.5,direct_only
2019-01-25,7,67.0,90.06792793927598,69.4466473354921,90.06792793927598,67.0,90.06792793927598,69.4466473354921,90.06792793927598,73.0,72.2571792596607,74.5,direct_only
2019-01-26,7,44.0,65.21862808804225,49.55725502122921,65.21862808804225,44.0,65.21862808804225,49.55725502122921,65.21862808804225,66.0,51.83601415968879,72.5,direct_only
2019-01-27,7,62.0,63.09494778030298,34.534633564858595,63.09494778030298,62.0,63.09494778030298,34.534633564858595,63.09494778030298,72.0,35.19717545908921,66.5,direct_only
2019-01-28,7,95.0,92.70739733154798,83.23632118321099,92.70739733154798,95.0,92.70739733154798,83.23632118321099,92.70739733154798,97.0,81.73061164479506,74.5,direct_only
2019-01-29,7,104.0,104.10601601273581,95.33792765387292,104.10601601273581,104.0,104.10601601273581,95.33792765387292,104.10601601273581,108.0,92.44323397910253,94.0,direct_only
2019-01-30,7,79.0,108.2682688618343,98.12988494266713,108.2682688618343,79.0,108.2682688618343,98.12988494266713,108.2682688618343,101.0,95.71706204618818,101.5,direct_only
2019-01-31,7,95.0,102.87712861967303,75.00768925154578,102.87712861967303,95.0,102.87712861967303,75.00768925154578,102.87712861967303,78.0,74.4955438812462,110.0,direct_only
2019-02-01,7,125.0,133.52459325795627,134.69611956346392,133.52459325795627,125.0,133.52459325795627,134.69611956346392,133.52459325795627,67.0,132.78289438693412,105.5,direct_only
2019-02-02,7,69.0,91.13395091320851,81.88365045126189,91.13395091320851,69.0,91.13395091320851,81.88365045126189,91.13395091320851,44.0,79.97412893963102,85.0,direct_only
2019-02-03,7,69.0,79.23800859731273,57.20426715504974,79.23800859731273,69.0,79.23800859731273,57.20426715504974,79.23800859731273,62.0,56.12967401287145,69.5,direct_only
2019-02-04,7,84.0,102.60216943787375,105.14504573997037,102.60216943787375,84.0,102.60216943787375,105.14504573997037,102.60216943787375,95.0,107.78927734722132,71.0,direct_only
2019-02-05,7,99.0,101.85402171610852,101.92811659509937,101.85402171610852,99.0,101.85402171610852,101.92811659509937,101.85402171610852,104.0,106.32870151795909,101.0,direct_only
2019-02-06,7,83.0,104.30913239164907,102.40121908627786,104.30913239164907,83.0,104.30913239164907,102.40121908627786,104.30913239164907,79.0,105.58964278660864,115.5,direct_only
2019-02-07,7,97.0,102.88143811392433,100.739403080834,102.88143811392433,97.0,102.88143811392433,100.739403080834,102.88143811392433,95.0,101.25477199634287,114.5,direct_only
2019-02-08,7,94.0,104.85082845750875,101.34242757622084,104.85082845750875,94.0,104.85082845750875,101.34242757622084,104.85082845750875,125.0,100.39137786542432,117.5,direct_only
2019-02-09,7,69.0,81.49679623525748,71.87673172238681,81.49679623525748,69.0,81.49679623525748,71.87673172238681,81.49679623525748,69.0,71.54414967441596,110.5,direct_only
2019-02-10,7,63.0,80.08766313873053,58.550505788117555,80.08766313873053,63.0,80.08766313873053,58.550505788117555,80.08766313873053,69.0,57.151262171224204,98.0,direct_only
2019-02-11,7,120.0,109.45390179487859,106.53301353468716,109.45390179487859,120.0,109.45390179487859,106.53301353468716,109.45390179487859,84.0,103.43102940799622,104.0,direct_only
2019-02-12,7,127.0,115.52210096130614,114.93955776444963,115.52210096130614,127.0,115.52210096130614,114.93955776444963,115.52210096130614,99.0,111.13300004616082,98.5,direct_only
2019-02-13,7,110.0,116.55487228132019,115.45920872801162,116.55487228132019,110.0,116.55487228132019,115.45920872801162,116.55487228132019,83.0,116.12559120407616,111.5,direct_only
2019-02-14,7,129.0,118.84768256755913,115.18698739045907,118.84768256755913,129.0,118.84768256755913,115.18698739045907,118.84768256755913,97.0,115.72322204811482,144.5,direct_only
2019-02-15,7,92.0,116.75911565792785,110.44619196900602,116.75911565792785,92.0,116.75911565792785,110.44619196900602,116.75911565792785,94.0,111.65017489194882,128.5,direct_only
2019-02-16,7,76.0,90.66118148247926,71.62564098246456,90.66118148247926,76.0,90.66118148247926,71.62564098246456,90.66118148247926,69.0,72.05388667605841,96.5,direct_only
2019-02-17,7,102.0,90.82328014229358,68.20376158642854,90.82328014229358,102.0,90.82328014229358,68.20376158642854,90.82328014229358,63.0,67.40887277400148,79.5,direct_only
2019-02-18,7,124.0,123.09615218467664,119.34184772530516,123.09615218467664,124.0,123.09615218467664,119.34184772530516,123.09615218467664,120.0,119.10633139403502,85.0,direct_only
2019-02-19,7,138.0,123.95917088606195,126.26085679794093,123.95917088606195,138.0,123.95917088606195,126.26085679794093,123.95917088606195,127.0,124.79956851835216,110.0,direct_only
2019-02-20,7,127.0,132.64185153155876,132.2692030849594,132.64185153155876,127.0,132.64185153155876,132.2692030849594,132.64185153155876,110.0,128.83141958335955,121.0,direct_only
2019-02-21,7,133.0,132.3484827712981,126.37153718997135,132.3484827712981,133.0,132.3484827712981,126.37153718997135,132.3484827712981,129.0,124.83005797290008,140.5,direct_only
2019-02-22,7,122.0,128.72528939298715,117.2855958289783,128.72528939298715,122.0,128.72528939298715,117.2855958289783,128.72528939298715,92.0,116.61610741380655,148.0,direct_only
2019-02-23,7,82.0,101.62152398928134,89.78128647925155,101.62152398928134,82.0,101.62152398928134,89.78128647925155,101.62152398928134,76.0,88.99108398541694,114.0,direct_only
2019-02-24,7,90.0,96.63087332913292,76.0804127996192,96.63087332913292,90.0,96.63087332913292,76.0804127996192,96.63087332913292,102.0,72.34187112622294,89.0,direct_only
2019-02-25,7,149.0,128.86451894916905,124.96115382428292,128.86451894916905,149.0,128.86451894916905,124.96115382428292,128.86451894916905,124.0,121.57392376119915,109.0,direct_only
2019-02-26,7,123.0,137.30805499726367,139.29941871127593,137.30805499726367,123.0,137.30805499726367,139.29941871127593,137.30805499726367,138.0,137.5948770078377,135.0,direct_only
2019-02-27,7,144.0,129.01580885641016,120.21366896573704,129.01580885641016,144.0,129.01580885641016,120.21366896573704,129.01580885641016,127.0,119.61664206642038,128.5,direct_only
2019-02-28,7,125.0,128.05896977648845,124.83695691894319,128.05896977648845,125.0,128.05896977648845,124.83695691894319,128.05896977648845,133.0,127.48898608126088,156.5,direct_only
2019-03-01,8,154.0,158.35146886550095,169.2698943546133,153.67214365588137,154.0,158.35146886550095,169.2698943546133,153.67214365588137,122.0,174.9745430107188,183.5,blend
2019-03-02,8,88.0,111.47883185470724,112.43921433085471,111.06723936492976,88.0,111.47883185470724,112.43921433085471,111.06723936492976,82.0,118.41479864143317,152.0,blend
2019-03-03,8,106.0,96.50666459351872,94.90714156115341,97.19217446453243,106.0,96.50666459351872,94.90714156115341,97.19217446453243,90.0,96.18321405401332,127.5,blend
2019-03-04,8,120.0,141.8141706850001,141.88080827053832,141.78561171976946,120.0,141.8141706850001,141.88080827053832,141.78561171976946,149.0,147.7207237537619,148.0,blend
2019-03-05,8,135.0,128.69776082641545,134.18517221303654,126.34601308929214,135.0,128.69776082641545,134.18517221303654,126.34601308929214,123.0,144.64406397071343,164.0,blend
2019-03-06,8,133.0,142.5305393993,148.56495138510712,139.94436283395413,133.0,142.5305393993,148.56495138510712,139.94436283395413,144.0,141.44426810922153,164.5,blend
2019-03-07,8,148.0,139.8443519067682,146.87453076902113,136.8314181086598,148.0,139.8443519067682,146.87453076902113,136.8314181086598,125.0,148.81845795230151,181.5,blend
2019-03-08,8,145.0,143.68388921616847,138.7151769547365,145.81333732821076,145.0,143.68388921616847,138.7151769547365,145.81333732821076,154.0,139.3910393668465,179.0,blend
2019-03-09,8,126.0,111.16817324533766,110.65428658945123,111.38841038357471,126.0,111.16817324533766,110.65428658945123,111.38841038357471,88.0,113.20713738487137,142.5,blend
2019-03-10,8,98.0,99.73308423619359,97.56598749184211,100.66183998377281,98.0,99.73308423619359,97.56598749184211,100.66183998377281,106.0,105.56562750752366,127.5,blend
2019-03-11,8,131.0,133.83457282069747,140.27693903459826,131.0735587290257,131.0,133.83457282069747,140.27693903459826,131.0735587290257,120.0,147.4758236015166,156.5,blend
2019-03-12,8,128.0,142.90721511212016,151.36354698158084,139.2830728823513,128.0,142.90721511212016,151.36354698158084,139.2830728823513,135.0,153.22025332817927,180.5,blend
2019-03-13,8,138.0,141.29874554027126,143.64303440433446,140.2940503128156,138.0,141.29874554027126,143.64303440433446,140.2940503128156,133.0,147.8586856707317,193.5,blend
2019-03-14,8,149.0,155.70774094660533,154.3302587533818,156.29809045798686,149.0,155.70774094660533,154.3302587533818,156.29809045798686,148.0,151.48068798188947,199.5,blend
2019-03-15,8,134.0,146.31313465174998,145.08787680491412,146.8382451575368,134.0,146.31313465174998,145.08787680491412,146.8382451575368,145.0,142.90063355728694,187.0,blend
2019-03-16,8,78.0,109.77687705843874,111.98652286567793,108.82988599819338,78.0,109.77687705843874,111.98652286567793,108.82988599819338,126.0,110.37492527350736,161.5,blend
2019-03-17,8,95.0,94.31510889445724,90.63852951831163,95.89078576994822,95.0,94.31510889445724,90.63852951831163,95.89078576994822,98.0,90.81080890730365,144.0,blend
2019-03-18,8,179.0,133.1834263091575,141.02531355276884,129.82261749046697,179.0,133.1834263091575,141.02531355276884,129.82261749046697,131.0,142.20818652787636,168.5,blend
2019-03-19,8,169.0,165.4978773889676,167.9063722759428,164.46566529454967,169.0,165.4978773889676,167.9063722759428,164.46566529454967,128.0,167.1191462341119,195.5,blend
2019-03-20,8,157.0,173.3027750335222,171.66229876318474,174.0058362922383,157.0,173.3027750335222,171.66229876318474,174.0058362922383,138.0,167.41282104363455,192.0,blend
2019-03-21,8,195.0,171.8502234031511,166.7067331484525,174.0545763694505,195.0,171.8502234031511,166.7067331484525,174.0545763694505,149.0,167.36432962526163,189.0,blend
2019-03-22,8,152.0,171.2505004078159,163.95160843403872,174.37859696800615,152.0,171.2505004078159,163.95160843403872,174.37859696800615,134.0,168.99127205146118,179.5,blend
2019-03-23,8,136.0,127.03085488748593,117.86947387031455,130.95716103770224,136.0,127.03085488748593,117.86947387031455,130.95716103770224,78.0,123.7734394662691,143.5,blend
2019-03-24,8,113.0,126.07391854025718,126.46228989023211,125.90747367598223,113.0,126.07391854025718,126.46228989023211,125.90747367598223,95.0,126.4871919973309,128.5,blend
2019-03-25,8,201.0,172.287667687265,170.09359764016733,173.22798342173547,201.0,172.287667687265,170.09359764016733,173.22798342173547,179.0,164.66179889766596,152.0,blend
2019-03-26,8,179.0,197.1252544931999,193.51249819418848,198.67357862134767,179.0,197.1252544931999,193.51249819418848,198.67357862134767,169.0,184.7366931994149,172.5,blend
2019-03-27,8,188.0,189.65817377699585,180.12321328829836,193.7445854150091,188.0,189.65817377699585,180.12321328829836,193.7445854150091,157.0,178.83398468356157,164.5,blend
2019-03-28,8,184.0,195.31864553543687,185.67447141330857,199.45186301634902,184.0,195.31864553543687,185.67447141330857,199.45186301634902,195.0,180.30259207300463,156.0,blend
2019-03-29,8,145.0,176.15206052483663,163.93886700685997,181.3862863182552,145.0,176.15206052483663,163.93886700685997,181.3862863182552,152.0,164.92208721108693,133.5,blend
2019-03-30,8,126.0,126.71249130742024,121.89459036922302,128.77730599521905,126.0,126.71249130742024,121.89459036922302,128.77730599521905,136.0,122.64376299073112,111.0,blend
2019-03-31,8,100.0,120.4358494390409,113.80842758802643,123.27617308947566,100.0,120.4358494390409,113.80842758802643,123.27617308947566,113.0,111.43505356541391,144.0,blend
2019-04-01,8,265.0,214.52121351258813,225.31210650913658,209.89654508549597,265.0,214.52121351258813,225.31210650913658,209.89654508549597,201.0,216.048331233598,208.0,blend
2019-04-02,8,260.0,244.19521352321806,247.09098456930442,242.95416878918107,260.0,244.19521352321806,247.09098456930442,242.95416878918107,179.0,234.71804658932356,248.0,blend
2019-04-03,8,248.0,248.828064609482,249.0465231524001,248.73443951965996,248.0,248.828064609482,249.0465231524001,248.73443951965996,188.0,240.65360489791226,256.5,blend
2019-04-04,8,268.0,250.40103227873493,262.0929576850356,245.39020710460608,268.0,250.40103227873493,262.0929576850356,245.39020710460608,184.0,250.58574088540905,263.5,blend
2019-04-05,8,247.0,238.7878594863122,253.51643600313628,232.47561240767328,247.0,238.7878594863122,253.51643600313628,232.47561240767328,145.0,245.51208828764985,259.5,blend
2019-04-06,8,207.0,190.97402101067405,207.53209723971372,183.87770262679993,207.0,190.97402101067405,207.53209723971372,183.87770262679993,126.0,205.8928470701512,217.0,blend
2019-04-07,8,181.0,174.60859586559826,195.8467234174539,165.5065412005173,181.0,174.60859586559826,195.8467234174539,165.5065412005173,100.0,199.47969700538164,186.5,blend
2019-04-08,8,232.0,235.20294849977466,246.42075387589486,230.39531762429462,232.0,235.20294849977466,246.42075387589486,230.39531762429462,265.0,249.3491073648469,230.5,blend
2019-04-09,8,221.0,237.75761397419728,248.52749799400095,233.14194939428143,221.0,237.75761397419728,248.52749799400095,233.14194939428143,260.0,254.37312032042755,271.5,blend
2019-04-10,8,258.0,229.83586323997446,236.1899705243244,227.1126744038245,258.0,229.83586323997446,236.1899705243244,227.1126744038245,248.0,240.4800812936177,263.0,blend
2019-04-11,8,239.0,243.59894487284018,255.504402176295,238.4966060285024,239.0,243.59894487284018,255.504402176295,238.4966060285024,268.0,260.6485610044411,279.5,blend
2019-04-12,8,230.0,227.23112474256328,229.55801474252286,226.23388617115205,230.0,227.23112474256328,229.55801474252286,226.23388617115205,247.0,231.2094507754581,271.5,blend
2019-04-13,8,175.0,186.60579306920457,196.99079798870488,182.15507667513302,175.0,186.60579306920457,196.99079798870488,182.15507667513302,207.0,197.8070903758375,220.0,blend
2019-04-14,8,147.0,160.93522851095088,164.42160512900324,159.44106710321418,147.0,160.93522851095088,164.42160512900324,159.44106710321418,181.0,165.91683712777885,176.5,blend
2019-04-15,8,217.0,211.51208793597033,207.54927455748978,213.2104365267477,217.0,211.51208793597033,207.54927455748978,213.2104365267477,232.0,214.15024413165057,194.0,blend
2019-04-16,8,244.0,232.5853839809686,229.84952569781316,233.75789467374955,244.0,232.5853839809686,229.84952569781316,233.75789467374955,221.0,226.2526868772528,225.0,blend
2019-04-17,8,204.0,232.27776196903937,231.53971732558915,232.59406681623233,204.0,232.27776196903937,231.53971732558915,232.59406681623233,258.0,225.4809318304921,210.0,blend
2019-04-18,8,194.0,228.2953222684302,228.22207841179093,228.3267124927042,194.0,228.2953222684302,228.22207841179093,228.3267124927042,239.0,219.9193752433347,225.0,blend
2019-04-19,8,149.0,208.52079066403547,203.09050974103036,210.848053916752,149.0,208.52079066403547,203.09050974103036,210.848053916752,230.0,198.59910699548846,234.5,blend
2019-04-20,8,146.0,152.01980787814296,147.70909285679195,153.86725717300766,146.0,152.01980787814296,147.70909285679195,153.86725717300766,175.0,144.56016181772918,190.0,blend
2019-04-21,8,159.0,141.47489774435144,128.09650726416612,147.20849366443088,159.0,141.47489774435144,128.09650726416612,147.20849366443088,147.0,129.3188957915012,144.5,blend
2019-04-22,8,202.0,197.56670636242612,205.51246076411283,194.16138304741753,202.0,197.56670636242612,205.51246076411283,194.16138304741753,217.0,204.34277631373402,187.0,blend
2019-04-23,8,210.0,214.7636466307449,211.78370299574993,216.040765331457,210.0,214.7636466307449,211.78370299574993,216.040765331457,244.0,209.57402619936494,222.5,blend
2019-04-24,8,171.0,202.47930813831212,203.5443864041299,202.02284602439022,171.0,202.47930813831212,203.5443864041299,202.02284602439022,204.0,201.65117369615155,198.0,blend
2019-04-25,8,193.0,189.06915591860002,179.63394658969426,193.11281705955963,193.0,189.06915591860002,179.63394658969426,193.11281705955963,194.0,182.4446832056057,191.0,blend
2019-04-26,8,139.0,175.38233644009318,167.4043309296197,178.80148165886757,139.0,175.38233644009318,167.4043309296197,178.80148165886757,149.0,168.32350469704352,166.0,blend
2019-04-27,8,132.0,127.73508794683599,120.67893011627666,130.75915558850429,132.0,127.73508794683599,120.67893011627666,130.75915558850429,146.0,124.53802921980935,124.5,blend
2019-04-28,8,90.0,122.19001146152917,107.17267067953505,128.62601465381238,90.0,122.19001146152917,107.17267067953505,128.62601465381238,159.0,113.21080303858525,107.5,blend
2019-04-29,8,146.0,161.82885584214753,151.08774666589284,166.4321883462567,146.0,161.82885584214753,151.08774666589284,166.4321883462567,202.0,156.94280745177156,110.0,blend
2019-04-30,8,155.0,169.53037080525712,156.53669317664801,175.09908978894674,155.0,169.53037080525712,156.53669317664801,175.09908978894674,210.0,161.5427747050912,156.5,blend
2019-05-01,9,189.0,227.00897172072627,228.00398124421682,224.02394315025458,189.0,227.00897172072627,228.00398124421682,224.02394315025458,171.0,225.99907567623947,207.5,blend
2019-05-02,9,204.0,196.06916716121756,197.98301856329346,190.32761295498986,204.0,196.06916716121756,197.98301856329346,190.32761295498986,193.0,193.7564876689993,223.0,blend
2019-05-03,9,191.0,188.56304072695758,191.89577234147717,178.5648458833988,191.0,188.56304072695758,191.89577234147717,178.5648458833988,139.0,190.23796400515656,213.5,blend
2019-05-04,9,170.0,154.651100626985,156.81252519579212,148.1668269205636,170.0,154.651100626985,156.81252519579212,148.1668269205636,132.0,156.32039821879425,164.5,blend
2019-05-05,9,156.0,140.31104613297407,141.53101169908211,136.65114943464988,156.0,140.31104613297407,141.53101169908211,136.65114943464988,90.0,143.23651166234714,134.0,blend
2019-05-06,9,238.0,191.54407132112505,194.90104772109078,181.4731421212278,238.0,191.54407132112505,194.90104772109078,181.4731421212278,146.0,192.1666600855439,167.5,blend
2019-05-07,9,196.0,222.4899833230441,226.0622333960691,211.77323310396912,196.0,222.4899833230441,226.0622333960691,211.77323310396912,155.0,226.21092103287043,204.5,blend
2019-05-08,9,197.0,198.95276234001525,201.08664268288888,192.55112131139438,197.0,198.95276234001525,201.08664268288888,192.55112131139438,189.0,208.94922620652133,197.0,blend
2019-05-09,9,200.0,202.40698464767132,204.8055082438141,195.211413859243,200.0,202.40698464767132,204.8055082438141,195.211413859243,204.0,210.09663554164385,193.5,blend
2019-05-10,9,210.0,201.44912892977317,203.8646219479752,194.20264987516708,210.0,201.44912892977317,203.8646219479752,194.20264987516708,191.0,201.26833370979338,219.5,blend
2019-05-11,9,123.0,178.63210462497184,180.2725399696373,173.7107985909755,123.0,178.63210462497184,180.2725399696373,173.7107985909755,170.0,175.96702986019034,196.5,blend
2019-05-12,9,150.0,139.57080193811015,140.79457181267102,135.89949231442753,150.0,139.57080193811015,140.79457181267102,135.89949231442753,156.0,142.3644404661364,144.5,blend
2019-05-13,9,216.0,195.32830451600606,197.06012983330177,190.13282856411885,216.0,195.32830451600606,197.06012983330177,190.13282856411885,238.0,197.0439145127605,166.5,blend
2019-05-14,9,183.0,207.39647546411365,207.18772672311195,208.02272168711877,183.0,207.39647546411365,207.18772672311195,208.02272168711877,196.0,207.55390510023258,194.0,blend
2019-05-15,9,193.0,188.96065434629642,188.6403225289758,189.92164979825827,193.0,188.96065434629642,188.6403225289758,189.92164979825827,197.0,192.2366518320182,189.0,blend
2019-05-16,9,198.0,194.5702036833737,195.6164317773111,191.43151940156156,198.0,194.5702036833737,195.6164317773111,191.43151940156156,200.0,199.52925046104428,195.0,blend
2019-05-17,9,173.0,172.0007377443513,170.40941654708635,176.77470133614622,173.0,172.0007377443513,170.40941654708635,176.77470133614622,210.0,177.38216510652524,199.0,blend
2019-05-18,9,143.0,136.4169855986583,137.8125285910479,132.23035662148953,143.0,136.4169855986583,137.8125285910479,132.23035662148953,123.0,143.944304223391,171.0,blend
2019-05-19,9,146.0,131.34474898637498,130.75259047711307,133.1212245141607,146.0,131.34474898637498,130.75259047711307,133.1212245141607,150.0,134.08906832843803,139.5,blend
2019-05-20,9,194.0,183.78339220825498,183.70705284246253,184.01241030563236,194.0,183.78339220825498,183.70705284246253,184.01241030563236,216.0,181.99303224340076,159.5,blend
2019-05-21,9,170.0,190.01868605067222,190.68869979529268,188.00864481681077,170.0,190.01868605067222,190.68869979529268,188.00864481681077,183.0,188.18963399627017,190.5,blend
2019-05-22,9,194.0,179.30801821455933,178.28124270863432,182.3883447323343,194.0,179.30801821455933,178.28124270863432,182.3883447323343,193.0,175.07868323333096,192.0,blend
2019-05-23,9,182.0,184.9763226242013,185.83424733756286,182.40254848411655,182.0,184.9763226242013,185.83424733756286,182.40254848411655,198.0,185.20137464064547,192.5,blend
2019-05-24,9,140.0,167.9318084421169,166.5629792023531,172.03829616140828,140.0,167.9318084421169,166.5629792023531,172.03829616140828,173.0,164.4213592035818,201.5,blend
2019-05-25,9,104.0,118.59338759365782,118.4086942614634,119.1474675902411,104.0,118.59338759365782,118.4086942614634,119.1474675902411,143.0,126.26809542118399,170.0,blend
2019-05-26,9,112.0,103.40343116642109,98.67279581727962,117.59533721384551,112.0,103.40343116642109,98.67279581727962,117.59533721384551,146.0,105.6347742755732,124.5,blend
2019-05-27,9,183.0,155.56275842639874,153.2081689488988,162.62652685889864,183.0,155.56275842639874,153.2081689488988,162.62652685889864,194.0,149.59833637534285,128.0,blend
2019-05-28,9,185.0,170.98491480752688,169.9875137217833,173.97711806475758,185.0,170.98491480752688,169.9875137217833,173.97711806475758,170.0,165.62212324756325,163.0,blend
2019-05-29,9,186.0,169.72639146174117,166.10731653460118,180.58361624316115,186.0,169.72639146174117,166.10731653460118,180.58361624316115,194.0,167.12917834420332,159.0,blend
2019-05-30,9,167.0,163.7699951316764,161.33134143907753,171.08595620947307,167.0,163.7699951316764,161.33134143907753,171.08595620947307,182.0,162.64925942981327,129.5,blend
2019-05-31,9,158.0,139.7303287738137,137.34250828289402,146.89379024657285,158.0,139.7303287738137,137.34250828289402,146.89379024657285,140.0,137.6069139102485,149.0,blend
2019-06-01,9,151.0,178.97802393236748,181.0806211080624,172.67023240528266,151.0,178.97802393236748,181.0806211080624,172.67023240528266,104.0,178.45068530261196,165.5,blend
2019-06-02,9,156.0,129.9835518819802,130.47867971976595,128.49816836862294,156.0,129.9835518819802,130.47867971976595,128.49816836862294,112.0,132.9960011569947,158.5,blend
2019-06-03,9,156.0,183.86943036932888,185.09870010296493,180.18162116842078,156.0,183.86943036932888,185.09870010296493,180.18162116842078,183.0,188.53540830341953,175.0,blend
2019-06-04,9,203.0,167.86475434015466,167.02164187309555,170.39409174133203,203.0,167.86475434015466,167.02164187309555,170.39409174133203,185.0,176.97424050643005,183.5,blend
2019-06-05,9,174.0,184.927687741901,186.5658348260427,180.01324648947582,174.0,184.927687741901,186.5658348260427,180.01324648947582,186.0,194.03583361927792,194.0,blend
2019-06-06,9,174.0,179.3053098580646,177.96644028851574,183.3219185667111,174.0,179.3053098580646,177.96644028851574,183.3219185667111,167.0,179.90050636544927,201.5,blend
2019-06-07,9,161.0,175.3523488396055,178.2083081300697,166.78447096821284,161.0,175.3523488396055,178.2083081300697,166.78447096821284,158.0,174.9204569611424,194.0,blend
2019-06-08,9,152.0,140.87419513035223,142.105110960995,137.18144763842398,152.0,140.87419513035223,142.105110960995,137.18144763842398,151.0,139.99995930024,165.5,blend
2019-06-09,9,113.0,129.37954376875143,128.56110081909463,131.83487261772183,113.0,129.37954376875143,128.56110081909463,131.83487261772183,156.0,129.90095169484357,134.5,blend
2019-06-10,9,171.0,174.6204294275004,177.17556484619058,166.95502317142981,171.0,174.6204294275004,177.17556484619058,166.95502317142981,156.0,177.45926913723983,164.0,blend
2019-06-11,9,204.0,184.0049413291302,185.53919004969484,179.40219516743622,204.0,184.0049413291302,185.53919004969484,179.40219516743622,203.0,183.04982370476066,194.0,blend
2019-06-12,9,181.0,187.92098711168023,189.7947073942823,182.299826263874,181.0,187.92098711168023,189.7947073942823,182.299826263874,174.0,190.79205051005346,194.5,blend
2019-06-13,9,188.0,180.52257353191771,182.86205084909156,173.50414158039626,188.0,180.52257353191771,182.86205084909156,173.50414158039626,174.0,183.42231340474348,201.0,blend
2019-06-14,9,164.0,178.89653567500278,181.87493790337166,169.9613289898962,164.0,178.89653567500278,181.87493790337166,169.9613289898962,161.0,181.50923583804547,203.0,blend
2019-06-15,9,156.0,133.51608431303856,135.48887008463987,127.59772699823466,156.0,133.51608431303856,135.48887008463987,127.59772699823466,152.0,137.7212788505835,165.5,blend
2019-06-16,9,162.0,121.68475803070984,123.0506701346634,117.58702171884917,162.0,121.68475803070984,123.0506701346634,117.58702171884917,113.0,128.39815393905286,123.0,blend
2019-06-17,9,191.0,182.42030038085107,184.3600522409634,176.6010448005141,191.0,182.42030038085107,184.3600522409634,176.6010448005141,171.0,183.31689933367744,139.5,blend
2019-06-18,9,212.0,186.43766823873864,188.39425977928354,180.5678936171039,212.0,186.43766823873864,188.39425977928354,180.5678936171039,204.0,189.5708946208885,175.0,blend
2019-06-19,9,209.0,196.73121616259812,198.3417101819908,191.89973410442002,209.0,196.73121616259812,198.3417101819908,191.89973410442002,181.0,197.68213937742468,190.0,blend
2019-06-20,9,157.0,189.81621175919042,190.51459112243288,187.721073669463,157.0,189.81621175919042,190.51459112243288,187.721073669463,188.0,193.02698738544876,190.5,blend
2019-06-21,9,141.0,155.88653700379862,155.3495623456251,157.49746097831922,141.0,155.88653700379862,155.3495623456251,157.49746097831922,164.0,161.78785579546818,160.5,blend
2019-06-22,9,125.0,131.13869102934027,131.89509014677236,128.86949367704398,125.0,131.13869102934027,131.89509014677236,128.86949367704398,156.0,135.55459343359448,130.5,blend
2019-06-23,9,119.0,122.86277038120362,121.98304520918467,125.50194589726044,119.0,122.86277038120362,121.98304520918467,125.50194589726044,162.0,123.92390613135319,128.0,blend
2019-06-24,9,161.0,175.6144983913788,176.40351320957663,173.2474539367853,161.0,175.6144983913788,176.40351320957663,173.2474539367853,191.0,173.3385848009691,148.0,blend
2019-06-25,9,202.0,191.0070875250798,192.7242338997799,185.8556484009795,202.0,191.0070875250798,192.7242338997799,185.8556484009795,212.0,186.32131502085127,165.5,blend
2019-06-26,9,162.0,192.1797973740173,191.97105237531065,192.8060323701372,162.0,192.1797973740173,191.97105237531065,192.8060323701372,209.0,186.21105379963404,165.5,blend
2019-06-27,9,149.0,167.78474755729388,164.2464307241256,178.39969805679885,149.0,167.78474755729388,164.2464307241256,178.39969805679885,157.0,160.96084665018577,160.5,blend
2019-06-28,9,161.0,151.26286084040999,149.80593704841718,155.63363221638838,161.0,151.26286084040999,149.80593704841718,155.63363221638838,141.0,149.26723088790658,157.5,blend
2019-06-29,9,109.0,128.55378943323134,127.90511015543498,130.49982726662037,109.0,128.55378943323134,127.90511015543498,130.49982726662037,125.0,126.93640468467503,132.5,blend
2019-06-30,9,123.0,103.06134716903266,100.60180865399698,110.43996271413964,123.0,103.06134716903266,100.60180865399698,110.43996271413964,119.0,99.01235496302067,144.5,blend
2019-07-01,10,263.0,213.29785021537535,219.93246716636048,193.39399936241998,263.0,213.29785021537535,219.93246716636048,193.39399936241998,161.0,217.36283533283486,192.5,blend
2019-07-02,10,197.0,228.36181894056014,236.03340674065305,205.34705554028145,197.0,228.36181894056014,236.03340674065305,205.34705554028145,202.0,233.43482622702322,198.5,blend
2019-07-03,10,174.0,199.83143229996628,204.20252265803944,186.71816122574683,174.0,199.83143229996628,204.20252265803944,186.71816122574683,162.0,203.03626429794406,197.5,blend
2019-07-04,10,169.0,193.71030554127213,199.14217514842383,177.41469671981702,169.0,193.71030554127213,199.14217514842383,177.41469671981702,149.0,201.66380947960818,200.5,blend
2019-07-05,10,127.0,169.01518338531054,169.06028429306014,168.87988066206168,127.0,169.01518338531054,169.06028429306014,168.87988066206168,161.0,174.0474262434435,175.5,blend
2019-07-06,10,99.0,131.2633341209286,133.09927375636013,125.755515214634,99.0,131.2633341209286,133.09927375636013,125.755515214634,109.0,138.90906775757458,156.5,blend
2019-07-07,10,86.0,125.96137803580503,127.82096770787285,120.38260901960156,86.0,125.96137803580503,127.82096770787285,120.38260901960156,123.0,131.96262464324155,146.0,blend
2019-07-08,10,115.0,166.23021938934792,169.2267569535961,157.24060669660344,115.0,166.23021938934792,169.2267569535961,157.24060669660344,263.0,173.44036128213776,141.0,blend
2019-07-09,10,115.0,161.27570899828984,163.78861685596723,153.73698542525767,115.0,161.27570899828984,163.78861685596723,153.73698542525767,197.0,165.47498271751277,159.0,blend
2019-07-10,10,135.0,148.94455790055136,149.0369618103222,148.66734617123882,135.0,148.94455790055136,149.0369618103222,148.66734617123882,174.0,149.55757455586897,152.5,blend
2019-07-11,10,146.0,149.23749685210288,149.4324838364382,148.6525358990969,146.0,149.23749685210288,149.4324838364382,148.6525358990969,169.0,149.8082528940074,161.5,blend
2019-07-12,10,122.0,142.46939338716172,143.38453752300074,139.72396097964463,122.0,142.46939338716172,143.38453752300074,139.72396097964463,127.0,142.39373929172405,187.0,blend
2019-07-13,10,108.0,111.7315970222132,110.79817969621277,114.53184900021444,108.0,111.7315970222132,110.79817969621277,114.53184900021444,99.0,109.66491020188724,160.0,blend
2019-07-14,10,116.0,105.25774345637491,102.8094868938316,112.60251314400483,116.0,105.25774345637491,102.8094868938316,112.60251314400483,86.0,100.80780723076396,121.0,blend
2019-07-15,10,166.0,150.07310359606942,154.75461703097184,136.02856329136216,166.0,150.07310359606942,154.75461703097184,136.02856329136216,115.0,154.60949861065498,144.5,blend
2019-07-16,10,167.0,156.84294909356674,159.25510237956394,149.60648923557514,167.0,156.84294909356674,159.25510237956394,149.60648923557514,115.0,164.0127353454855,170.5,blend
2019-07-17,10,130.0,154.8252914693683,154.362675313202,156.21313993786717,130.0,154.8252914693683,154.362675313202,156.21313993786717,135.0,160.1755781885704,156.0,blend
2019-07-18,10,152.0,141.51441056494207,139.14708883594693,148.61637575192745,152.0,141.51441056494207,139.14708883594693,148.61637575192745,146.0,143.48266869349808,158.0,blend
2019-07-19,10,133.0,136.59275928775992,134.52276592272142,142.80273938287542,133.0,136.59275928775992,134.52276592272142,142.80273938287542,122.0,135.40959256220788,158.5,blend
2019-07-20,10,116.0,104.54887854248528,101.31690426752388,114.24480136736952,116.0,104.54887854248528,101.31690426752388,114.24480136736952,108.0,101.15855346192392,115.5,blend
2019-07-21,10,88.0,99.9578771606179,97.22763694060933,108.14859782064357,88.0,99.9578771606179,97.22763694060933,108.14859782064357,116.0,96.72140892507787,90.0,blend
2019-07-22,10,157.0,143.6641959449594,143.20052031813,145.05522282544754,157.0,143.6641959449594,143.20052031813,145.05522282544754,166.0,141.55759186111462,106.5,blend
2019-07-23,10,142.0,156.2521828755612,155.9652250647026,157.11305630813706,142.0,156.2521828755612,155.9652250647026,157.11305630813706,167.0,153.36266776677795,130.0,blend
2019-07-24,10,138.0,139.35859615001442,137.5086257844957,144.9085072465706,138.0,139.35859615001442,137.5086257844957,144.9085072465706,130.0,136.51566817216946,128.0,blend
2019-07-25,10,146.0,140.13682388334882,136.04756638702614,152.40459637231683,146.0,140.13682388334882,136.04756638702614,152.40459637231683,152.0,134.93153754926658,120.0,blend
2019-07-26,10,129.0,132.01423092961727,129.18631726082037,140.49797193600799,129.0,132.01423092961727,129.18631726082037,140.49797193600799,133.0,127.79023149482028,122.0,blend
2019-07-27,10,94.0,96.90464073588078,93.0785049856951,108.38304798643779,94.0,96.90464073588078,93.0785049856951,108.38304798643779,116.0,91.953429101728,101.5,blend
2019-07-28,10,103.0,88.32150893407703,83.51112931697162,102.75264778539324,103.0,88.32150893407703,83.51112931697162,102.75264778539324,88.0,84.90663856570534,91.0,blend
2019-07-29,10,135.0,143.96144845254707,144.3478835830305,142.80214306109679,135.0,143.96144845254707,144.3478835830305,142.80214306109679,157.0,146.06411487952488,118.5,blend
2019-07-30,10,139.0,140.1125583455636,140.24611011835404,139.7119030271923,139.0,140.1125583455636,140.24611011835404,139.7119030271923,142.0,139.78229054797671,134.0,blend
2019-07-31,10,129.0,132.2829440410676,130.4123188051272,137.89481974888878,129.0,132.2829440410676,130.4123188051272,137.89481974888878,138.0,128.88013086393002,150.0,blend
2019-08-01,10,190.0,181.4917706273793,183.91206057113263,174.23090079611939,190.0,181.4917706273793,183.91206057113263,174.23090079611939,146.0,182.1743301408529,161.0,blend
2019-08-02,10,137.0,151.41283549916517,152.26385051593897,148.85979044884377,137.0,151.41283549916517,152.26385051593897,148.85979044884377,129.0,150.83771155847163,143.0,blend
2019-08-03,10,111.0,110.13288685083998,109.8423161290378,111.00459901624652,111.0,110.13288685083998,109.8423161290378,111.00459901624652,94.0,115.11581813127424,125.5,blend
2019-08-04,10,113.0,99.7335132095883,98.47308743838856,103.51479052318754,113.0,99.7335132095883,98.47308743838856,103.51479052318754,103.0,105.54161869127012,113.5,blend
2019-08-05,10,168.0,143.4668066377177,145.57820884452155,137.13260001730612,168.0,143.4668066377177,145.57820884452155,137.13260001730612,135.0,149.5245673254674,119.5,blend
2019-08-06,10,151.0,155.67915868219563,156.43733901377053,153.40461768747093,151.0,155.67915868219563,156.43733901377053,153.40461768747093,139.0,157.84425742108348,139.5,blend
2019-08-07,10,144.0,160.70083051536525,163.02775798900984,153.7200480944315,144.0,160.70083051536525,163.02775798900984,153.7200480944315,129.0,162.23930267324374,159.5,blend
2019-08-08,10,169.0,163.86415258831528,164.14332901535425,163.0266233071984,169.0,163.86415258831528,164.14332901535425,163.0266233071984,190.0,161.25138141979457,169.5,blend
2019-08-09,10,161.0,148.87493424318427,149.0380905782862,148.3854652378785,161.0,148.87493424318427,149.0380905782862,148.3854652378785,137.0,146.5760876570295,154.0,blend
2019-08-10,10,120.0,123.16349654183324,124.05946287281014,120.47559754890253,120.0,123.16349654183324,124.05946287281014,120.47559754890253,111.0,121.55208916429797,118.5,blend
2019-08-11,10,144.0,112.66497241924947,113.29910499949885,110.76257467850132,144.0,112.66497241924947,113.29910499949885,110.76257467850132,113.0,112.82830001166127,110.0,blend
2019-08-12,10,202.0,166.52728557948222,167.8074187055842,162.6868862011762,202.0,166.52728557948222,167.8074187055842,162.6868862011762,168.0,165.97837789612703,136.0,blend
2019-08-13,10,188.0,180.936594412375,183.4635354740521,173.35577122734378,188.0,180.936594412375,183.4635354740521,173.35577122734378,151.0,183.82343122741753,167.5,blend
2019-08-14,10,164.0,171.79813321561855,174.67008682622856,163.18227238378847,164.0,171.79813321561855,174.67008682622856,163.18227238378847,144.0,179.39767819671192,183.5,blend
2019-08-15,10,159.0,169.67852864226475,171.20047352850384,165.1126939835475,159.0,169.67852864226475,171.20047352850384,165.1126939835475,169.0,176.35035835968887,173.0,blend
2019-08-16,10,178.0,154.89657836598894,155.08395514321973,154.33444803429666,178.0,154.89657836598894,155.08395514321973,154.33444803429666,161.0,155.7916218039668,162.5,blend
2019-08-17,10,133.0,133.91589713732787,135.7836628538258,128.31259998783412,133.0,133.91589713732787,135.7836628538258,128.31259998783412,120.0,135.56307404451985,138.5,blend
2019-08-18,10,127.0,120.05246854246695,119.70224756727356,121.10313146804711,127.0,120.05246854246695,119.70224756727356,121.10313146804711,144.0,118.45440134624263,107.0,blend
2019-08-19,10,181.0,170.53583738520308,174.05139744680937,159.98915720038417,181.0,170.53583738520308,174.05139744680937,159.98915720038417,202.0,173.61109372393824,128.5,blend
2019-08-20,10,159.0,171.16723947376548,171.96506213083688,168.7737715025513,159.0,171.16723947376548,171.96506213083688,168.7737715025513,188.0,175.6086974141438,163.5,blend
2019-08-21,10,132.0,156.84114625240406,155.3232284127332,161.3948997714167,132.0,156.84114625240406,155.3232284127332,161.3948997714167,164.0,159.00590724861894,169.5,blend
2019-08-22,10,156.0,155.56311705983734,155.56020327601905,155.5718584112922,156.0,155.56311705983734,155.56020327601905,155.5718584112922,159.0,156.65200022289778,168.0,blend
2019-08-23,10,132.0,148.6341533067014,145.9119242027289,156.80084061861885,132.0,148.6341533067014,145.9119242027289,156.80084061861885,178.0,147.3714164247934,161.5,blend
2019-08-24,10,108.0,106.0842246490669,103.66786687031878,113.33329798531125,108.0,106.0842246490669,103.66786687031878,113.33329798531125,133.0,107.51040288908996,132.0,blend
2019-08-25,10,84.0,101.84786954932981,99.79032703129099,108.0204971034463,84.0,101.84786954932981,99.79032703129099,108.0204971034463,127.0,101.89502794319566,99.5,blend
2019-08-26,10,143.0,144.3555676872789,143.18931136109663,147.85433666582577,143.0,144.3555676872789,143.18931136109663,147.85433666582577,181.0,143.5762076362369,114.5,blend
2019-08-27,10,135.0,147.63495562639343,146.3131576506997,151.6003495534747,135.0,147.63495562639343,146.3131576506997,151.6003495534747,159.0,143.59710624043663,135.0,blend
2019-08-28,10,128.0,135.2821878361461,134.01333840615575,139.08873612611714,128.0,135.2821878361461,134.01333840615575,139.08873612611714,132.0,132.4322224337192,124.0,blend
2019-08-29,10,151.0,143.97701802835456,142.71132737989421,147.77408997373556,151.0,143.97701802835456,142.71132737989421,147.77408997373556,156.0,139.18876543105895,127.0,blend
2019-08-30,10,127.0,135.80253664912058,134.8579410913145,138.63632332253883,127.0,135.80253664912058,134.8579410913145,138.63632332253883,132.0,132.48021548739237,132.0,blend
2019-08-31,10,89.0,95.19807065125082,90.74821910432944,108.547625292015,89.0,95.19807065125082,90.74821910432944,108.547625292015,108.0,89.16976667110869,132.5,blend
2019-09-01,11,155.0,134.3700177416216,135.7137185967591,132.35446645891534,155.0,134.3700177416216,135.7137185967591,132.35446645891534,84.0,135.79377286682467,123.0,blend
2019-09-02,11,160.0,162.30339210653304,166.88368719522578,155.43294947349392,160.0,162.30339210653304,166.88368719522578,155.43294947349392,143.0,169.94371104199914,135.5,blend
2019-09-03,11,186.0,156.55445045135693,158.4257299941948,153.7475311371001,186.0,156.55445045135693,158.4257299941948,153.7475311371001,135.0,158.04646037514306,167.0,blend
2019-09-04,11,130.0,163.66385883913148,165.617776818254,160.73298187044776,130.0,163.66385883913148,165.617776818254,160.73298187044776,128.0,170.0845802558692,158.0,blend
2019-09-05,11,157.0,147.81482748746015,145.403087495649,151.43243747517687,157.0,147.81482748746015,145.403087495649,151.43243747517687,151.0,151.61755485620114,148.5,blend
2019-09-06,11,130.0,137.48153839952187,135.6731201206316,140.19416581785723,130.0,137.48153839952187,135.6731201206316,140.19416581785723,127.0,141.00688085885474,129.5,blend
2019-09-07,11,80.0,112.07662957887868,112.98082600108212,110.72033494557353,80.0,112.07662957887868,112.98082600108212,110.72033494557353,89.0,113.62787740696751,102.0,blend
2019-09-08,11,134.0,109.0635692762311,100.25393668748204,122.27801815935472,134.0,109.0635692762311,100.25393668748204,122.27801815935472,155.0,99.08842154101023,110.5,blend
2019-09-09,11,155.0,168.09147229153717,172.7019488422536,161.1757574654625,155.0,168.09147229153717,172.7019488422536,161.1757574654625,160.0,169.45189844950661,141.0,blend
2019-09-10,11,193.0,164.95675603925537,162.9242688320509,168.0054868500621,193.0,164.95675603925537,162.9242688320509,168.0054868500621,186.0,159.8886822540272,163.5,blend
2019-09-11,11,181.0,176.12884826051646,178.94634290385335,171.9026062955111,181.0,176.12884826051646,178.94634290385335,171.9026062955111,130.0,176.70027258636534,180.5,blend
2019-09-12,11,172.0,176.83665686552894,177.69637605098666,175.54707808734233,172.0,176.83665686552894,177.69637605098666,175.54707808734233,157.0,175.41869412089693,185.0,blend
2019-09-13,11,143.0,155.98353784212992,157.67156867153338,153.45149159802477,143.0,155.98353784212992,157.67156867153338,153.45149159802477,130.0,157.67194091157756,165.5,blend
2019-09-14,11,128.0,123.49870757606547,124.95428514120267,121.31534122835966,128.0,123.49870757606547,124.95428514120267,121.31534122835966,80.0,128.89193958626535,139.5,blend
2019-09-15,11,119.0,118.74306658083471,119.01461946238445,118.33573725851011,119.0,118.74306658083471,119.01461946238445,118.33573725851011,134.0,118.82268762360397,126.5,blend
2019-09-16,11,182.0,170.95752903787712,171.18279592917452,170.61962870093103,182.0,170.95752903787712,171.18279592917452,170.61962870093103,155.0,167.46915394580384,144.0,blend
2019-09-17,11,202.0,183.52687269282688,185.99398140230548,179.82620962860898,202.0,183.52687269282688,185.99398140230548,179.82620962860898,193.0,182.2629441752834,169.5,blend
2019-09-18,11,184.0,180.36403117928154,181.49541991219664,178.66694807990893,184.0,180.36403117928154,181.49541991219664,178.66694807990893,181.0,180.193701403514,169.5,blend
2019-09-19,11,182.0,175.88695356611785,177.260276470377,173.82696920972913,182.0,175.88695356611785,177.260276470377,173.82696920972913,172.0,177.0869012623316,160.5,blend
2019-09-20,11,149.0,159.92843453388542,162.17441753240993,156.55946003609864,149.0,159.92843453388542,162.17441753240993,156.55946003609864,143.0,163.31000655364994,152.0,blend
2019-09-21,11,124.0,119.45919772023856,120.1627617878169,118.40385161887104,124.0,119.45919772023856,120.1627617878169,118.40385161887104,128.0,124.99342838815528,128.0,blend
2019-09-22,11,129.0,108.67076549010571,109.07846740162188,108.05921262283144,129.0,108.67076549010571,109.07846740162188,108.05921262283144,119.0,114.81886034171802,105.0,blend
2019-09-23,11,141.0,157.48508629591072,160.36123852557625,153.17085795141242,141.0,157.48508629591072,160.36123852557625,153.17085795141242,182.0,167.02164337729738,131.5,blend
2019-09-24,11,144.0,155.25162154245518,158.38240503957323,150.5554462967781,144.0,155.25162154245518,158.38240503957323,150.5554462967781,202.0,163.8997418488779,162.5,blend
2019-09-25,11,147.0,151.31786974089775,150.96918186157708,151.84090155987874,147.0,151.31786974089775,150.96918186157708,151.84090155987874,184.0,153.98682735223792,154.5,blend
2019-09-26,11,153.0,152.21672129523424,148.52001816954836,157.76177598376304,153.0,152.21672129523424,148.52001816954836,157.76177598376304,182.0,150.83862478945827,156.5,blend
2019-09-27,11,149.0,135.15449603385335,129.83306526220375,143.13664219132775,149.0,135.15449603385335,129.83306526220375,143.13664219132775,149.0,131.9314229520816,143.0,blend
2019-09-28,11,99.0,111.7096249185264,109.62443836824269,114.83740474395196,99.0,111.7096249185264,109.62443836824269,114.83740474395196,124.0,111.72885202892311,112.5,blend
2019-09-29,11,99.0,103.62726229876792,101.92004847932344,106.18808302793464,99.0,103.62726229876792,101.92004847932344,106.18808302793464,129.0,101.80776897586533,108.5,blend
2019-09-30,11,136.0,141.71347357856513,146.24883196438088,134.91043599984152,136.0,141.71347357856513,146.24883196438088,134.91043599984152,141.0,143.80491908561967,167.5,blend
2019-10-01,11,185.0,199.6915510023395,205.78051856827418,190.55809965343747,185.0,199.6915510023395,205.78051856827418,190.55809965343747,144.0,202.49972689554997,209.5,blend
2019-10-02,11,163.0,167.56811972452513,167.92488273402114,167.0329752102811,163.0,167.56811972452513,167.92488273402114,167.0329752102811,147.0,164.35804784968445,184.5,blend
2019-10-03,11,203.0,164.97053533356004,164.14903902511927,166.2027797962212,203.0,164.97053533356004,164.14903902511927,166.2027797962212,153.0,162.56250879914347,177.0,blend
2019-10-04,11,185.0,167.3776878819922,170.0944860999411,163.3024905550688,185.0,167.3776878819922,170.0944860999411,163.3024905550688,149.0,167.2952515570449,178.5,blend
2019-10-05,11,151.0,135.83433714321723,137.4094602447888,133.47165249085992,151.0,135.83433714321723,137.4094602447888,133.47165249085992,99.0,134.96810789239896,146.0,blend
2019-10-06,11,142.0,122.54172796545198,123.17456070720723,121.5924788528191,142.0,122.54172796545198,123.17456070720723,121.5924788528191,99.0,124.67529199259913,104.5,blend
2019-10-07,11,198.0,166.76307448673046,172.75705873497466,157.77209811436418,198.0,166.76307448673046,172.75705873497466,157.77209811436418,136.0,178.31210103443564,133.0,blend
2019-10-08,11,179.0,184.16792899136095,186.78158779936695,180.24744077935193,179.0,184.16792899136095,186.78158779936695,180.24744077935193,185.0,191.37337801649534,173.0,blend
2019-10-09,11,179.0,178.32282864778102,183.95551974232396,169.8737920059666,179.0,178.32282864778102,183.95551974232396,169.8737920059666,163.0,187.5448822014348,184.0,blend
2019-10-10,11,177.0,181.80914860983262,184.91392802045948,177.15197949389233,177.0,181.80914860983262,184.91392802045948,177.15197949389233,203.0,185.32409226989205,187.0,blend
2019-10-11,11,166.0,162.70021562507227,161.18476080136776,164.97339786062906,166.0,162.70021562507227,161.18476080136776,164.97339786062906,185.0,159.1525322540073,151.5,blend
2019-10-12,11,103.0,135.40378159530445,136.83232261922032,133.26097005943063,103.0,135.40378159530445,136.83232261922032,133.26097005943063,151.0,134.84174857946383,128.0,blend
2019-10-13,11,119.0,114.7397951264335,115.20124444920008,114.04762114228363,119.0,114.7397951264335,115.20124444920008,114.04762114228363,142.0,113.0251230912038,124.5,blend
2019-10-14,11,200.0,168.92722015393218,168.40631115772732,169.70858364823945,200.0,168.92722015393218,168.40631115772732,169.70858364823945,198.0,166.89661781091058,150.5,blend
2019-10-15,11,204.0,184.015182484648,187.23226558079944,179.18955784042083,204.0,184.015182484648,187.23226558079944,179.18955784042083,179.0,189.0271075900794,193.5,blend
2019-10-16,11,172.0,185.21163748078374,186.08136211183052,183.90705053421357,172.0,185.21163748078374,186.08136211183052,183.90705053421357,179.0,186.12110533230546,188.5,blend
2019-10-17,11,179.0,183.29557271032803,186.2104931292134,178.92319208199993,179.0,183.29557271032803,186.2104931292134,178.92319208199993,177.0,185.68300339116342,186.5,blend
2019-10-18,11,145.0,166.75988097276854,169.7320351573721,162.3016496958632,145.0,166.75988097276854,169.7320351573721,162.3016496958632,166.0,167.5483111488195,194.5,blend
2019-10-19,11,120.0,121.6550299280488,121.7108079704125,121.57136286450327,120.0,121.6550299280488,121.7108079704125,121.57136286450327,103.0,122.16943657599646,156.5,blend
2019-10-20,11,115.0,111.24010816040442,110.88103982816877,111.77871065875792,115.0,111.24010816040442,110.88103982816877,111.77871065875792,119.0,115.83289261696537,119.0,blend
2019-10-21,11,163.0,160.9017549488769,160.21948053527493,161.9251665692799,163.0,160.9017549488769,160.21948053527493,161.9251665692799,200.0,163.56412841512633,139.0,blend
2019-10-22,11,161.0,169.99981734640727,168.31990209861618,172.51969021809393,161.0,169.99981734640727,168.31990209861618,172.51969021809393,204.0,168.2857834032734,172.0,blend
2019-10-23,11,158.0,160.66145893167152,158.09464196577105,164.51168438052224,158.0,160.66145893167152,158.09464196577105,164.51168438052224,172.0,158.81664064113977,167.0,blend
2019-10-24,11,178.0,165.84819465744977,162.2250833069386,171.2828616832165,178.0,165.84819465744977,162.2250833069386,171.2828616832165,179.0,159.90750451665986,171.5,blend
2019-10-25,11,142.0,154.6640297052114,154.64479323955265,154.69288440369948,142.0,154.6640297052114,154.64479323955265,154.69288440369948,145.0,152.45929692376905,172.0,blend
2019-10-26,11,112.0,113.7089710346134,113.66556385756708,113.77408180018287,112.0,113.7089710346134,113.66556385756708,113.77408180018287,120.0,112.33765167211236,133.5,blend
2019-10-27,11,99.0,104.64140125494657,103.10319560131602,106.94870973539241,99.0,104.64140125494657,103.10319560131602,106.94870973539241,115.0,101.57051082453052,111.0,blend
2019-10-28,11,150.0,149.44074664470224,147.93182261982187,151.70413268202282,150.0,149.44074664470224,147.93182261982187,151.70413268202282,163.0,146.10387908037518,128.0,blend
2019-10-29,11,147.0,161.87555080675457,159.82294964860196,164.9544525439835,147.0,161.87555080675457,159.82294964860196,164.9544525439835,161.0,156.73594519759794,155.0,blend
2019-10-30,11,143.0,155.51886134572848,149.83755073497625,164.04082726185683,143.0,155.51886134572848,149.83755073497625,164.04082726185683,158.0,147.70822635036518,150.5,blend
2019-10-31,11,160.0,153.21959117634236,150.48729511949614,157.31803526161173,160.0,153.21959117634236,150.48729511949614,157.31803526161173,178.0,149.65702596450015,193.5,blend
2019-11-01,12,149.0,187.9115242172059,187.74866967909412,188.15580602437362,149.0,187.9115242172059,187.74866967909412,188.15580602437362,142.0,187.94727133270874,213.0,blend
2019-11-02,12,118.0,116.80205919594908,118.8599328241432,113.7152487536579,118.0,116.80205919594908,118.8599328241432,113.7152487536579,112.0,118.91508506775574,168.5,blend
2019-11-03,12,110.0,109.02086681647279,107.19869498420223,111.75412456487861,110.0,109.02086681647279,107.19869498420223,111.75412456487861,99.0,106.8269363651674,154.5,blend
2019-11-04,12,156.0,155.38664056621042,153.9257596632145,157.5779619207043,156.0,155.38664056621042,153.9257596632145,157.5779619207043,150.0,152.77581155602584,159.5,blend
2019-11-05,12,168.0,158.82443835843094,158.66764570888856,159.05962733274455,168.0,158.82443835843094,158.66764570888856,159.05962733274455,147.0,158.8397164750509,180.5,blend
2019-11-06,12,141.0,155.95353548867357,157.70522067482975,153.3260077094393,141.0,155.95353548867357,157.70522067482975,153.3260077094393,143.0,159.9431464841502,185.5,blend
2019-11-07,12,136.0,155.5640514309439,154.02212429627662,157.87694213294483,136.0,155.5640514309439,154.02212429627662,157.87694213294483,160.0,155.6890052777578,183.0,blend
2019-11-08,12,161.0,139.086222405674,136.40588321185393,143.1067311964041,161.0,139.086222405674,136.40588321185393,143.1067311964041,149.0,137.75283474235565,183.5,blend
2019-11-09,12,114.0,115.18977284655327,118.82501996953924,109.7369021620743,114.0,115.18977284655327,118.82501996953924,109.7369021620743,118.0,119.30026189682279,172.5,blend
2019-11-10,12,107.0,100.84198289981114,100.4733960862033,101.3948631202229,107.0,100.84198289981114,100.4733960862033,101.3948631202229,110.0,101.58326560531626,153.0,blend
2019-11-11,12,154.0,152.07424256410232,156.51158228385486,145.4182329844735,154.0,152.07424256410232,156.51158228385486,145.4182329844735,156.0,157.62882638243286,162.0,blend
2019-11-12,12,155.0,156.3051243289973,161.43032176454548,148.61732817567503,155.0,156.3051243289973,161.43032176454548,148.61732817567503,168.0,162.36921128654467,187.5,blend
2019-11-13,12,128.0,152.06931209501923,150.9491512656376,153.74955333909168,128.0,152.06931209501923,150.9491512656376,153.74955333909168,141.0,150.71227143001886,186.5,blend
2019-11-14,12,125.0,146.72459536499872,145.26546489356664,148.91329107214682,125.0,146.72459536499872,145.26546489356664,148.91329107214682,136.0,144.7320698813337,167.5,blend
2019-11-15,12,122.0,132.50281705045853,131.38629594286672,134.1775987118462,122.0,132.50281705045853,131.38629594286672,134.1775987118462,161.0,132.4938514336445,161.5,blend
2019-11-16,12,106.0,98.39031432553634,98.76395933844229,97.82984680617739,106.0,98.39031432553634,98.76395933844229,97.82984680617739,114.0,100.1483417818198,146.5,blend
2019-11-17,12,109.0,92.58710536090021,90.88812304886277,95.13557882895637,109.0,92.58710536090021,90.88812304886277,95.13557882895637,107.0,91.76317267567705,118.5,blend
2019-11-18,12,149.0,144.55262698016588,144.6768152553498,144.36634456739,149.0,144.55262698016588,144.6768152553498,144.36634456739,154.0,144.7120007858864,123.5,blend
2019-11-19,12,133.0,150.03524820048608,148.428172056857,152.44586241592975,133.0,150.03524820048608,148.428172056857,152.44586241592975,155.0,148.30932941735267,139.0,blend
2019-11-20,12,128.0,134.60235655175842,134.75209701432678,134.37774585790586,128.0,134.60235655175842,134.75209701432678,134.37774585790586,128.0,135.1744323642734,146.5,blend
2019-11-21,12,165.0,140.12812564410575,140.03384582962087,140.2695453658331,165.0,140.12812564410575,140.03384582962087,140.2695453658331,125.0,139.19411712012646,166.0,blend
2019-11-22,12,140.0,139.23094552654584,140.15323579037747,137.84751013079838,140.0,139.23094552654584,140.15323579037747,137.84751013079838,122.0,138.61484429519726,164.0,blend
2019-11-23,12,95.0,106.90412534554235,108.37755216014688,104.69398512363557,95.0,106.90412534554235,108.37755216014688,104.69398512363557,106.0,108.20589221032861,127.0,blend
2019-11-24,12,103.0,89.36092123811089,89.09055533124206,89.76647009841415,103.0,89.36092123811089,89.09055533124206,89.76647009841415,109.0,90.28491612840914,101.0,blend
2019-11-25,12,159.0,137.18086870692622,138.5284660142693,135.15947274591156,159.0,137.18086870692622,138.5284660142693,135.15947274591156,149.0,139.71912964541582,109.5,blend
2019-11-26,12,155.0,145.36850999854977,146.5516493961365,143.5938009021697,155.0,145.36850999854977,146.5516493961365,143.5938009021697,133.0,145.24116597862107,128.0,blend
2019-11-27,12,143.0,143.06908609262388,146.16883060927537,138.4194693176466,143.0,143.06908609262388,146.16883060927537,138.4194693176466,128.0,145.56617722513485,125.0,blend
2019-11-28,12,134.0,145.89854359248272,146.5579471248039,144.90943829400095,134.0,145.89854359248272,146.5579471248039,144.90943829400095,165.0,148.54883564079057,133.0,blend
2019-11-29,12,106.0,125.65697508446681,127.04655722432497,123.57260187467955,106.0,125.65697508446681,127.04655722432497,123.57260187467955,140.0,127.62140879521417,137.5,blend
2019-11-30,12,102.0,87.72592850468362,86.7053689557805,89.2567678280383,102.0,87.72592850468362,86.7053689557805,89.2567678280383,95.0,86.29324066766549,132.0,blend
2019-12-01,12,130.0,133.9005353126554,137.61223381606993,128.33298755753358,130.0,133.9005353126554,137.61223381606993,128.33298755753358,103.0,137.64470151603834,124.5,blend
2019-12-02,12,172.0,146.61717806948246,151.36695494659673,139.492512753811,172.0,146.61717806948246,151.36695494659673,139.492512753811,159.0,153.30273923753677,128.0,blend
2019-12-03,12,150.0,157.07757725647426,161.7008067216931,150.142733058646,150.0,157.07757725647426,161.7008067216931,150.142733058646,155.0,163.89331681561032,151.5,blend
2019-12-04,12,158.0,150.55779585702535,154.13303278583552,145.1949404638101,158.0,150.55779585702535,154.13303278583552,145.1949404638101,143.0,153.21357829559147,164.5,blend
2019-12-05,12,176.0,150.17814094524155,153.2630613556245,145.55076032966713,176.0,150.17814094524155,153.2630613556245,145.55076032966713,134.0,152.59824265821783,167.5,blend
2019-12-06,12,160.0,146.88565194445363,150.76224795745935,141.07075792494504,160.0,146.88565194445363,150.76224795745935,141.07075792494504,106.0,151.34353360406087,163.5,blend
2019-12-07,12,116.0,118.08572255489281,123.31637637795876,110.23974182029386,116.0,118.08572255489281,123.31637637795876,110.23974182029386,102.0,123.70038941807287,133.0,blend
2019-12-08,12,118.0,110.71354564582924,112.21265100431059,108.4648876081072,118.0,110.71354564582924,112.21265100431059,108.4648876081072,130.0,112.10705145059706,107.0,blend
2019-12-09,12,172.0,156.17077731102148,154.4798544462011,158.70716160825202,172.0,156.17077731102148,154.4798544462011,158.70716160825202,172.0,153.63883777721995,118.0,blend
2019-12-10,12,154.0,162.33725239443658,160.448103664925,165.17097548870396,154.0,162.33725239443658,160.448103664925,165.17097548870396,150.0,160.2842818635508,132.0,blend
2019-12-11,12,158.0,156.52640531102716,154.86120823193374,159.0242009296673,158.0,156.52640531102716,154.86120823193374,159.0242009296673,158.0,154.23417819630097,142.0,blend
2019-12-12,12,151.0,159.5640997016394,157.0761150216285,163.29607672165577,151.0,159.5640997016394,157.0761150216285,163.29607672165577,176.0,156.87561978528356,148.5,blend
2019-12-13,12,138.0,141.68810271506862,141.52179253191602,141.93756798979751,138.0,141.68810271506862,141.52179253191602,141.93756798979751,160.0,142.0678009079115,161.5,blend
2019-12-14,12,102.0,105.88773332158942,108.01215624877128,102.70109893081661,102.0,105.88773332158942,108.01215624877128,102.70109893081661,116.0,108.46630450507033,138.5,blend
2019-12-15,12,103.0,97.71649401406489,99.88019389601241,94.47094419114363,103.0,97.71649401406489,99.88019389601241,94.47094419114363,118.0,99.88223453847034,103.5,blend
2019-12-16,12,144.0,144.9987078371281,146.35001785952716,142.97174280352954,144.0,144.9987078371281,146.35001785952716,142.97174280352954,172.0,145.8155772352684,115.0,blend
2019-12-17,12,146.0,145.78878603294055,146.6454066527312,144.50385510325452,146.0,145.78878603294055,146.6454066527312,144.50385510325452,154.0,146.20108230407638,134.0,blend
2019-12-18,12,137.0,138.44659314085732,137.05272655636705,140.53739301759273,137.0,138.44659314085732,137.05272655636705,140.53739301759273,158.0,138.6749244488874,127.5,blend
2019-12-19,12,148.0,138.60618061594067,139.0571288291007,137.92975829620065,148.0,138.60618061594067,139.0571288291007,137.92975829620065,151.0,141.41957630196754,124.5,blend
2019-12-20,12,118.0,127.02643212908248,126.06914988980094,128.4623554880048,118.0,127.02643212908248,126.06914988980094,128.4623554880048,138.0,125.68712021844772,122.5,blend
2019-12-21,12,108.0,92.36874217986495,94.26849922030422,89.51910661920604,108.0,92.36874217986495,94.26849922030422,89.51910661920604,102.0,94.5866924351026,104.5,blend
2019-12-22,12,110.0,88.9260710288483,88.12261737627122,90.13125150771393,110.0,88.9260710288483,88.12261737627122,90.13125150771393,103.0,88.07141107643625,85.0,blend
2019-12-23,12,93.0,132.19722713954462,133.49669408437498,130.24802672229907,93.0,132.19722713954462,133.49669408437498,130.24802672229907,144.0,134.026551871644,71.5,blend
2019-12-24,12,75.0,114.67489541910098,114.13519367949159,115.48444802851503,75.0,114.67489541910098,114.13519367949159,115.48444802851503,146.0,114.61061194735532,73.5,blend
2019-12-25,12,69.0,106.01660195593975,108.49578644531134,102.29782522188238,69.0,106.01660195593975,108.49578644531134,102.29782522188238,137.0,109.56624209696706,93.0,blend
2019-12-26,12,131.0,101.2557395326597,93.27125167176932,113.23247132399526,131.0,101.2557395326597,93.27125167176932,113.23247132399526,148.0,93.91296924712195,104.5,blend
2019-12-27,12,137.0,95.3037545639768,93.36625103538317,98.21000985686723,137.0,95.3037545639768,93.36625103538317,98.21000985686723,118.0,93.69941003136094,78.5,blend
2019-12-28,12,96.0,86.58175036624326,90.61313325261041,80.53467603669255,96.0,86.58175036624326,90.61313325261041,80.53467603669255,108.0,90.62926707064824,67.5,blend
2019-12-29,12,78.0,76.55807047197601,78.4108892442733,73.77884231353005,78.0,76.55807047197601,78.4108892442733,73.77884231353005,110.0,78.84894516786721,71.5,blend
2019-12-30,12,89.0,115.98101297400663,124.76716951429026,102.80177816358116,89.0,115.98101297400663,124.76716951429026,102.80177816358116,93.0,125.52225320389985,61.5,blend
2019-12-31,12,65.0,101.29018779502258,104.92421232962526,95.83915099311854,65.0,101.29018779502258,104.92421232962526,95.83915099311854,75.0,104.94757857363919,74.0,blend
2020-01-01,13,69.0,126.04389026533136,140.00627039066742,114.62012470823821,69.0,126.04389026533136,140.00627039066742,114.62012470823821,69.0,139.67606455552237,107.5,blend
2020-01-02,13,94.0,105.22936991892895,104.40147338116446,105.90673981346353,94.0,105.22936991892895,104.40147338116446,105.90673981346353,131.0,103.11361401853071,126.5,blend
2020-01-03,13,109.0,91.35989463130187,89.62773314313556,92.7771176670743,109.0,91.35989463130187,89.62773314313556,92.7771176670743,137.0,91.55612660429499,123.0,blend
2020-01-04,13,63.0,72.36789972891245,70.56561673877624,73.84249490266026,63.0,72.36789972891245,70.56561673877624,73.84249490266026,96.0,72.95439659810695,102.0,blend
2020-01-05,13,86.0,61.230051493702334,51.404214392801315,69.26937275807589,86.0,61.230051493702334,51.404214392801315,69.26937275807589,78.0,54.75273586260484,75.5,blend
2020-01-06,13,91.0,104.09284232956458,105.33836497951877,103.07377834323842,91.0,104.09284232956458,105.33836497951877,103.07377834323842,89.0,108.42395379687932,87.0,blend
2020-01-07,13,101.0,98.17666483059531,95.77700942197167,100.14001925583284,101.0,98.17666483059531,95.77700942197167,100.14001925583284,65.0,95.75737113760803,110.0,blend
2020-01-08,13,81.0,98.10747571774868,99.30647261394479,97.12647825722459,81.0,98.10747571774868,99.30647261394479,97.12647825722459,69.0,101.44910711583512,112.5,blend
2020-01-09,13,103.0,99.58469054456552,98.56743289277124,100.41699225966991,103.0,99.58469054456552,98.56743289277124,100.41699225966991,94.0,97.83227418407508,110.5,blend
2020-01-10,13,82.0,92.42124751919596,93.86169375601365,91.24270059816331,82.0,92.42124751919596,93.86169375601365,91.24270059816331,109.0,96.01078917030998,116.0,blend
2020-01-11,13,99.0,65.92053648147603,59.78774059373457,70.93827857144632,99.0,65.92053648147603,59.78774059373457,70.93827857144632,63.0,62.17625359374372,101.5,blend
2020-01-12,13,80.0,66.21021555250921,61.026974423640254,70.451049203402,80.0,66.21021555250921,61.026974423640254,70.451049203402,86.0,63.542293683271,66.0,blend
2020-01-13,13,73.0,99.23017781159868,101.72143274275473,97.191878322471,73.0,99.23017781159868,101.72143274275473,97.191878322471,91.0,105.09588829650227,79.5,blend
2020-01-14,13,80.0,94.11351539542966,89.81236797723037,97.63263601031997,80.0,94.11351539542966,89.81236797723037,97.63263601031997,101.0,90.74492614182478,98.5,blend
2020-01-15,13,102.0,91.92520626267486,87.09845128412107,95.87436942694612,102.0,91.92520626267486,87.09845128412107,95.87436942694612,81.0,88.08852596253455,93.0,blend
2020-01-16,13,104.0,97.53151087006763,93.36618798725114,100.93950231964476,104.0,97.53151087006763,93.36618798725114,100.93950231964476,103.0,92.22706503705663,90.5,blend
2020-01-17,13,89.0,91.33785530522309,90.58825237099772,91.95116679686201,89.0,91.33785530522309,90.58825237099772,91.95116679686201,82.0,89.28728120426231,81.0,blend
2020-01-18,13,68.0,72.83038189569257,73.42510813540933,72.34378769956066,68.0,72.83038189569257,73.42510813540933,72.34378769956066,99.0,70.24786970402533,69.5,blend
2020-01-19,13,82.0,64.53271816893364,60.02535799725385,68.22055830939891,82.0,64.53271816893364,60.02535799725385,68.22055830939891,80.0,57.29927992924442,69.0,blend
2020-01-20,13,98.0,101.98017363857653,102.15448000463984,101.8375593390702,98.0,101.98017363857653,102.15448000463984,101.8375593390702,73.0,97.05050731959444,84.5,blend
2020-01-21,13,112.0,99.16057677569972,100.57848800366966,98.00046758917887,112.0,99.16057677569972,100.57848800366966,98.00046758917887,80.0,99.9052367966589,102.5,blend
2020-01-22,13,91.0,101.5386549944882,103.73342084336453,99.7429374817712,91.0,101.5386549944882,103.73342084336453,99.7429374817712,102.0,102.26030883776166,104.5,blend
2020-01-23,13,74.0,95.57528839983503,93.99779447306106,96.86596524901373,74.0,95.57528839983503,93.99779447306106,96.86596524901373,104.0,93.04006214063148,89.5,blend
2020-01-24,13,107.0,83.40472642229702,79.01614033715694,86.99538776468434,107.0,83.40472642229702,79.01614033715694,86.99538776468434,89.0,77.73725353052274,72.5,blend
2020-01-25,13,92.0,68.44788658549314,68.69417210617435,68.24638025039032,92.0,68.44788658549314,68.69417210617435,68.24638025039032,68.0,70.72091667241511,55.5,blend
2020-01-26,13,74.0,64.99084675151445,59.7662754503347,69.26549599793424,74.0,64.99084675151445,59.7662754503347,69.26549599793424,82.0,63.60680911433232,53.0,blend
2020-01-27,13,76.0,94.55218012304829,97.97562107426985,91.75118298113972,76.0,94.55218012304829,97.97562107426985,91.75118298113972,98.0,103.28047172715605,78.5,blend
2020-01-28,13,92.0,94.04141450891088,93.06122017262467,94.84339169314504,92.0,94.04141450891088,93.06122017262467,94.84339169314504,112.0,94.0453138294438,99.5,blend
2020-01-29,13,93.0,89.25881127349709,82.38337131213783,94.88417124188193,93.0,89.25881127349709,82.38337131213783,94.88417124188193,91.0,84.13162231088967,91.5,blend
2020-01-30,13,112.0,92.50562789300842,88.27373523793058,95.96808551989028,112.0,92.50562789300842,88.27373523793058,95.96808551989028,74.0,90.38594853539098,87.0,blend
2020-01-31,13,78.0,88.43519950523867,85.10899887621498,91.15663638353078,78.0,88.43519950523867,85.10899887621498,91.15663638353078,107.0,87.35015576669934,110.0,blend
2020-02-01,13,48.0,107.62602185033234,108.9219595966091,106.56570914883316,48.0,107.62602185033234,108.9219595966091,106.56570914883316,92.0,109.44696066525495,97.0,blend
2020-02-02,13,56.0,63.0819410761593,54.72855905734025,69.91652636428398,56.0,63.0819410761593,54.72855905734025,69.91652636428398,74.0,53.444521163317944,69.0,blend
2020-02-03,13,52.0,98.49701534892193,95.72258536083518,100.76700352099292,52.0,98.49701534892193,95.72258536083518,100.76700352099292,76.0,92.92679095080348,76.5,blend
2020-02-04,13,81.0,92.64383028648717,87.14480372166295,97.14303383952515,81.0,92.64383028648717,87.14480372166295,97.14303383952515,92.0,88.07908862028387,91.5,blend
2020-02-05,13,101.0,96.06403445606253,92.26942599219369,99.16871410831885,101.0,96.06403445606253,92.26942599219369,99.16871410831885,93.0,92.28848143433825,91.0,blend
2020-02-06,13,106.0,97.86489955908169,94.34408923488769,100.74556255160402,106.0,97.86489955908169,94.34408923488769,100.74556255160402,112.0,98.00725562251506,90.0,blend
2020-02-07,13,113.0,93.12121643880488,91.35885499341535,94.56314853048721,113.0,93.12121643880488,91.35885499341535,94.56314853048721,78.0,90.56120672696403,95.5,blend
2020-02-08,13,81.0,80.09552910040144,84.05547897563423,76.8555701115746,81.0,80.09552910040144,84.05547897563423,76.8555701115746,48.0,83.07475151510477,81.5,blend
2020-02-09,13,57.0,71.0269120167454,68.97768095956668,72.70355560898251,57.0,71.0269120167454,68.97768095956668,72.70355560898251,56.0,65.80265215924213,66.0,blend
2020-02-10,13,105.0,107.79191471618839,107.91701320404839,107.6895614079393,105.0,107.79191471618839,107.91701320404839,107.6895614079393,52.0,102.07594572775164,91.5,blend
2020-02-11,13,133.0,112.80459829907767,115.53940432663354,110.56702973107738,133.0,112.80459829907767,115.53940432663354,110.56702973107738,81.0,114.9464642999134,123.5,blend
2020-02-12,13,109.0,119.10828451578574,122.27955226207449,116.51361090518583,109.0,119.10828451578574,122.27955226207449,116.51361090518583,101.0,122.01345776046118,118.5,blend
2020-02-13,13,116.0,113.77566731407718,117.39259788993215,110.81636047928674,116.0,113.77566731407718,117.39259788993215,110.81636047928674,106.0,118.72362830375491,119.5,blend
2020-02-14,13,116.0,110.13789673169812,110.3258540737182,109.9841134518635,116.0,110.13789673169812,110.3258540737182,109.9841134518635,113.0,109.53858775702939,110.5,blend
2020-02-15,13,85.0,87.09163884974944,86.33366011780426,87.71180326679549,85.0,87.09163884974944,86.33366011780426,87.71180326679549,81.0,84.90267509466847,84.0,blend
2020-02-16,13,61.0,80.56637439416343,75.00265383523305,85.11850939692464,61.0,80.56637439416343,75.00265383523305,85.11850939692464,57.0,77.33943178906617,89.0,blend
2020-02-17,13,72.0,115.4953598601027,112.722868957434,117.7637615077407,72.0,115.4953598601027,112.722868957434,117.7637615077407,105.0,114.09183212825857,113.0,blend
2020-02-18,13,118.0,112.70445963681874,112.07080632588116,113.22290325485855,118.0,112.70445963681874,112.07080632588116,113.22290325485855,133.0,110.53220121970567,131.0,blend
2020-02-19,13,120.0,120.80063724700415,119.19138483174873,122.11729831403132,120.0,120.80063724700415,119.19138483174873,122.11729831403132,109.0,114.14504344190223,132.5,blend
2020-02-20,13,110.0,121.079313008529,119.32524236627107,122.51446171583092,110.0,121.079313008529,119.32524236627107,122.51446171583092,116.0,116.81330647991291,130.0,blend
2020-02-21,13,94.0,109.37570278756955,111.10750657463056,107.95877241633781,94.0,109.37570278756955,111.10750657463056,107.95877241633781,116.0,110.407764401398,127.5,blend
2020-02-22,13,87.0,84.40966238336384,82.08293356397236,86.31334959922958,87.0,84.40966238336384,82.08293356397236,86.31334959922958,85.0,77.66905169854488,102.0,blend
2020-02-23,13,34.0,75.1999184851493,67.39322469998538,81.5872134002834,34.0,75.1999184851493,67.39322469998538,81.5872134002834,61.0,65.34629913342664,86.0,blend
2020-02-24,13,80.0,106.96151960376515,101.01612459983869,111.8259336978868,80.0,106.96151960376515,101.01612459983869,111.8259336978868,72.0,99.4117275201761,119.5,blend
2020-02-25,13,92.0,108.26715572343034,108.80972495146887,107.82323544594426,92.0,108.26715572343034,108.80972495146887,107.82323544594426,118.0,109.38147586720035,136.0,blend
2020-02-26,13,95.0,104.85657165932506,101.33432904879005,107.73840652249004,95.0,104.85657165932506,101.33432904879005,107.73840652249004,120.0,106.13902940054903,133.5,blend
2020-02-27,13,136.0,108.3960326921005,103.30154380997963,112.5642508683812,136.0,108.3960326921005,103.30154380997963,112.5642508683812,110.0,100.93194807427557,134.5,blend
2020-02-28,13,106.0,114.12794773503813,118.35530537363782,110.66920057618383,106.0,114.12794773503813,118.35530537363782,110.66920057618383,94.0,118.66722874067247,139.5,blend
2020-02-29,13,98.0,74.00509686701105,66.76300421629664,79.93044539941376,98.0,74.00509686701105,66.76300421629664,79.93044539941376,87.0,64.77940404194344,121.0,blend
2020-03-01,14,107.0,118.0593292964985,117.94388792723318,118.0593292964985,107.0,118.0593292964985,117.94388792723318,118.0593292964985,34.0,118.64288095204597,97.0,direct_only
2020-03-02,14,111.0,121.52727795607333,123.27054673976535,121.52727795607333,111.0,121.52727795607333,123.27054673976535,121.52727795607333,80.0,121.96769969994713,113.0,direct_only
2020-03-03,14,130.0,122.53730543630249,123.51880905185837,122.53730543630249,130.0,122.53730543630249,123.51880905185837,122.53730543630249,92.0,125.98708318485825,127.5,direct_only
2020-03-04,14,115.0,131.99444166896598,133.78948247252063,131.99444166896598,115.0,131.99444166896598,133.78948247252063,131.99444166896598,95.0,134.6291263423271,134.0,direct_only
2020-03-05,14,87.0,133.6459264886218,130.28643115529317,133.6459264886218,87.0,133.6459264886218,130.28643115529317,133.6459264886218,136.0,128.4454405178389,140.5,direct_only
2020-03-06,14,77.0,114.1838337798357,109.06388329669852,114.1838337798357,77.0,114.1838337798357,109.06388329669852,114.1838337798357,106.0,111.07537634014307,146.5,direct_only
2020-03-07,14,70.0,91.50235976718794,96.05556309718372,91.50235976718794,70.0,91.50235976718794,96.05556309718372,91.50235976718794,98.0,90.07188325113131,135.5,direct_only
2020-03-08,14,67.0,89.54291923070927,73.59332264067257,89.54291923070927,67.0,89.54291923070927,73.59332264067257,89.54291923070927,107.0,69.75509504311486,112.0,direct_only
2020-03-09,14,95.0,117.41927516415524,112.1926858997827,117.41927516415524,95.0,117.41927516415524,112.1926858997827,117.41927516415524,111.0,112.77725822609416,114.5,direct_only
2020-03-10,14,124.0,122.80785074913697,124.07073051266386,122.80785074913697,124.0,122.80785074913697,124.07073051266386,122.80785074913697,130.0,122.20576623914035,129.5,direct_only
2020-03-11,14,102.0,122.19736691387644,120.44582730725209,122.19736691387644,102.0,122.19736691387644,120.44582730725209,122.19736691387644,115.0,122.9176734873608,133.0,direct_only
2020-03-12,14,111.0,121.78651089023592,110.7039092695719,121.78651089023592,111.0,121.78651089023592,110.7039092695719,121.78651089023592,87.0,114.4909602694552,143.5,direct_only
2020-03-13,14,118.0,115.1242068720792,108.82065942637807,115.1242068720792,118.0,115.1242068720792,108.82065942637807,115.1242068720792,77.0,110.50323165859767,141.5,direct_only
2020-03-14,14,95.0,98.41779483907226,90.76144930241306,98.41779483907226,95.0,98.41779483907226,90.76144930241306,98.41779483907226,70.0,90.26187021224644,106.0,direct_only
2020-03-15,14,94.0,96.03997449467579,79.5929457930101,96.03997449467579,94.0,96.03997449467579,79.5929457930101,96.03997449467579,67.0,76.61128374630768,86.5,direct_only
2020-03-16,14,140.0,128.0411301029385,132.408230836475,128.0411301029385,140.0,128.0411301029385,132.408230836475,128.0411301029385,95.0,132.19732273916148,137.0,direct_only
2020-03-17,14,127.0,145.1350326908381,150.1471744990436,145.1350326908381,127.0,145.1350326908381,150.1471744990436,145.1350326908381,124.0,147.92853464125537,174.0,direct_only
2020-03-18,14,146.0,141.1759392428607,139.13369513153236,141.1759392428607,146.0,141.1759392428607,139.13369513153236,141.1759392428607,102.0,136.49075871770907,163.0,direct_only
2020-03-19,14,85.0,146.48521147889625,147.52747969355485,146.48521147889625,85.0,146.48521147889625,147.52747969355485,146.48521147889625,111.0,150.64742924497273,176.0,direct_only
2020-03-20,14,108.0,121.47010723427546,110.39931991435269,121.47010723427546,108.0,121.47010723427546,110.39931991435269,121.47010723427546,118.0,113.07780642493572,173.5,direct_only
2020-03-21,14,117.0,103.86246138397323,100.88743076032863,103.86246138397323,117.0,103.86246138397323,100.88743076032863,103.86246138397323,95.0,101.93664527698937,144.0,direct_only
2020-03-22,14,75.0,106.42716524060299,96.60515960934326,106.42716524060299,75.0,106.42716524060299,96.60515960934326,106.42716524060299,94.0,93.54288830711846,124.5,direct_only
2020-03-23,14,134.0,135.65940331146624,136.10729747755585,135.65940331146624,134.0,135.65940331146624,136.10729747755585,135.65940331146624,140.0,134.72066451687053,157.0,direct_only
2020-03-24,14,187.0,145.516264636824,157.6019743046544,145.516264636824,187.0,145.516264636824,157.6019743046544,145.516264636824,127.0,153.7304315334955,190.0,direct_only
2020-03-25,14,118.0,161.97832130133557,167.64711409964977,161.97832130133557,118.0,161.97832130133557,167.64711409964977,161.97832130133557,146.0,162.54802654214714,183.5,direct_only
2020-03-26,14,82.0,146.5041666768735,143.59966595720493,146.5041666768735,82.0,146.5041666768735,143.59966595720493,146.5041666768735,85.0,139.5142701317521,186.0,direct_only
2020-03-27,14,106.0,129.32536396703625,123.44680335578053,129.32536396703625,106.0,129.32536396703625,123.44680335578053,129.32536396703625,108.0,120.74096629170202,164.5,direct_only
2020-03-28,14,89.0,108.40625972290789,101.65331750989411,108.40625972290789,89.0,108.40625972290789,101.65331750989411,108.40625972290789,117.0,102.92100514849918,135.5,direct_only
2020-03-29,14,85.0,110.85406092771052,89.13067620378291,110.85406092771052,85.0,110.85406092771052,89.13067620378291,110.85406092771052,75.0,83.23384937424716,113.0,direct_only
2020-03-30,14,97.0,142.29111297989982,162.59457627109586,142.29111297989982,97.0,142.29111297989982,162.59457627109586,142.29111297989982,134.0,158.7936392037566,182.5,direct_only
2020-03-31,14,105.0,147.63978330667524,147.878559610245,147.63978330667524,105.0,147.63978330667524,147.878559610245,147.63978330667524,187.0,143.1955243537472,262.5,direct_only
2020-04-01,14,150.0,163.20428147440424,188.542393206796,163.20428147440424,150.0,163.20428147440424,188.542393206796,163.20428147440424,118.0,176.1254672942198,254.0,direct_only
2020-04-02,14,128.0,143.34157344313456,157.5819246360342,143.34157344313456,128.0,143.34157344313456,157.5819246360342,143.34157344313456,82.0,152.32912772094278,258.0,direct_only
2020-04-03,14,106.0,128.72122782591498,146.75447139577196,128.72122782591498,106.0,128.72122782591498,146.75447139577196,128.72122782591498,106.0,143.7870809645098,257.5,direct_only
2020-04-04,14,70.0,109.39798259891215,127.54740384739944,109.39798259891215,70.0,109.39798259891215,127.54740384739944,109.39798259891215,89.0,119.69504420176966,227.0,direct_only
2020-04-05,14,96.0,104.0702715931915,105.52930950992312,104.0702715931915,96.0,104.0702715931915,105.52930950992312,104.0702715931915,85.0,93.07975534121297,194.0,direct_only
2020-04-06,14,116.0,135.70239613736305,148.84036442785091,135.70239613736305,116.0,135.70239613736305,148.84036442785091,135.70239613736305,97.0,148.6726522519779,206.5,direct_only
2020-04-07,14,115.0,141.45778904412748,155.53288462126858,141.45778904412748,115.0,141.45778904412748,155.53288462126858,141.45778904412748,105.0,157.45956962640503,226.5,direct_only
2020-04-08,14,156.0,150.39085441958025,151.72617532116914,150.39085441958025,156.0,150.39085441958025,151.72617532116914,150.39085441958025,150.0,152.99716956304528,239.5,direct_only
2020-04-09,14,99.0,144.35183602220548,151.3471927099607,144.35183602220548,99.0,144.35183602220548,151.3471927099607,144.35183602220548,128.0,156.24171408325998,248.5,direct_only
2020-04-10,14,133.0,126.77188892858264,129.87485406721163,126.77188892858264,133.0,126.77188892858264,129.87485406721163,126.77188892858264,106.0,127.61955011508542,234.5,direct_only
2020-04-11,14,118.0,108.6900918617285,126.7845353191325,108.6900918617285,118.0,108.6900918617285,126.7845353191325,108.6900918617285,70.0,125.12085792929838,202.5,direct_only
2020-04-12,14,119.0,109.90383672876368,112.31616978745481,109.90383672876368,119.0,109.90383672876368,112.31616978745481,109.90383672876368,96.0,106.33606346668799,161.0,direct_only
2020-04-13,14,119.0,145.11582194338303,160.32289464110698,145.11582194338303,119.0,145.11582194338303,160.32289464110698,145.11582194338303,116.0,157.56091790945467,182.0,direct_only
2020-04-14,14,164.0,147.45269272006328,164.27818373158274,147.45269272006328,164.0,147.45269272006328,164.27818373158274,147.45269272006328,115.0,162.9615962126296,230.5,direct_only
2020-04-15,14,174.0,153.99190528822692,165.40438185678926,153.99190528822692,174.0,153.99190528822692,165.40438185678926,153.99190528822692,156.0,167.60498147244556,224.0,direct_only
2020-04-16,14,134.0,151.59346682181155,165.28527973640985,151.59346682181155,134.0,151.59346682181155,165.28527973640985,151.59346682181155,99.0,160.23799581062846,199.0,direct_only
2020-04-17,14,94.0,140.99361979600118,140.72959540797135,140.99361979600118,94.0,140.99361979600118,140.72959540797135,140.99361979600118,133.0,141.38226535508068,171.5,direct_only
2020-04-18,14,123.0,105.00353353171522,115.98276521773396,105.00353353171522,123.0,105.00353353171522,115.98276521773396,105.00353353171522,118.0,115.1368027493471,147.5,direct_only
2020-04-19,14,129.0,106.30880062166987,110.21284898810694,106.30880062166987,129.0,106.30880062166987,110.21284898810694,106.30880062166987,119.0,111.65218892416911,152.5,direct_only
2020-04-20,14,157.0,152.13800011593437,169.06126972650353,152.13800011593437,157.0,152.13800011593437,169.06126972650353,152.13800011593437,119.0,163.08635125362954,180.5,direct_only
2020-04-21,14,117.0,168.5814804812473,183.62807229920384,168.5814804812473,117.0,168.5814804812473,183.62807229920384,168.5814804812473,164.0,182.25607361096985,206.0,direct_only
2020-04-22,14,143.0,151.2020784043175,150.1068169989323,151.2020784043175,143.0,151.2020784043175,150.1068169989323,151.2020784043175,174.0,154.84636021960193,190.5,direct_only
2020-04-23,14,117.0,144.0340265235679,144.95666230642186,144.0340265235679,117.0,144.0340265235679,144.95666230642186,144.0340265235679,134.0,142.23186278146974,182.0,direct_only
2020-04-24,14,136.0,131.9133385452688,123.97898786439715,131.9133385452688,136.0,131.9133385452688,123.97898786439715,131.9133385452688,94.0,123.30812744708858,166.0,direct_only
2020-04-25,14,121.0,110.1922731705273,119.7541692984153,110.1922731705273,121.0,110.1922731705273,119.7541692984153,110.1922731705273,123.0,118.84097648233183,135.5,direct_only
2020-04-26,14,100.0,107.07426893851166,106.79332662337562,107.07426893851166,100.0,107.07426893851166,106.79332662337562,107.07426893851166,129.0,105.97976756933507,111.0,direct_only
2020-04-27,14,127.0,147.98228657301237,143.60157274690633,147.98228657301237,127.0,147.98228657301237,143.60157274690633,147.98228657301237,157.0,138.54811498741986,118.0,direct_only
2020-04-28,14,145.0,140.10924149497095,147.93501014161973,140.10924149497095,145.0,140.10924149497095,147.93501014161973,140.10924149497095,117.0,144.48206146114427,150.5,direct_only
2020-04-29,14,109.0,148.87544710186367,155.63651936818061,148.87544710186367,109.0,148.87544710186367,155.63651936818061,148.87544710186367,143.0,154.11197372188983,172.0,direct_only
2020-04-30,14,143.0,130.61897122177277,121.04809950505212,130.61897122177277,143.0,130.61897122177277,121.04809950505212,130.61897122177277,117.0,122.16571672228326,196.5,direct_only
2020-05-01,15,164.0,155.00458063631038,170.70794308451505,142.15637499687014,164.0,155.00458063631038,170.70794308451505,142.15637499687014,136.0,170.7474774001945,197.5,blend
2020-05-02,15,112.0,124.0430136249343,124.98272280898415,123.27416065616622,112.0,124.0430136249343,124.98272280898415,123.27416065616622,121.0,124.37990795048458,180.5,blend
2020-05-03,15,110.0,109.51971621636537,108.04626549911063,110.72526680321013,110.0,109.51971621636537,108.04626549911063,110.72526680321013,100.0,106.54129598832658,163.0,blend
2020-05-04,15,149.0,144.51626979650655,159.06442193049483,132.61323623233432,149.0,144.51626979650655,159.06442193049483,132.61323623233432,127.0,157.49878990206983,197.0,blend
2020-05-05,15,150.0,148.57543342063445,149.7387154006079,147.6236572552016,150.0,148.57543342063445,149.7387154006079,147.6236572552016,145.0,152.15238550534133,217.0,blend
2020-05-06,15,134.0,148.63193412583811,151.69634112272882,146.12469203747298,134.0,148.63193412583811,151.69634112272882,146.12469203747298,109.0,153.08194900966768,196.5,blend
2020-05-07,15,163.0,143.74092934700383,143.22186512887097,144.1656182527489,163.0,143.74092934700383,143.22186512887097,144.1656182527489,143.0,144.62680137096766,198.5,blend
2020-05-08,15,179.0,151.5715064862449,149.85130690233734,152.97894250944202,179.0,151.5715064862449,149.85130690233734,152.97894250944202,164.0,149.783222323214,205.0,blend
2020-05-09,15,158.0,130.38263009498183,130.82215305233203,130.02302040260443,158.0,130.38263009498183,130.82215305233203,130.02302040260443,112.0,130.92746685858802,166.5,blend
2020-05-10,15,181.0,130.4529871294039,130.31439904909,130.56637737693342,181.0,130.4529871294039,130.31439904909,130.56637737693342,110.0,127.71403676531875,136.5,blend
2020-05-11,15,194.0,177.4865511275375,187.64123925079144,169.17816993578427,194.0,177.4865511275375,187.64123925079144,169.17816993578427,149.0,185.75736423191242,183.0,blend
2020-05-12,15,238.0,175.32828025488854,181.2017370172496,170.52272472204766,238.0,175.32828025488854,181.2017370172496,170.52272472204766,150.0,180.45434585873056,199.5,blend
2020-05-13,15,227.0,187.37165783639097,199.27056383525357,177.63618929186697,227.0,187.37165783639097,199.27056383525357,177.63618929186697,134.0,200.0057340938613,188.0,blend
2020-05-14,15,190.0,193.03864418021325,200.53545596895148,186.9048890803365,190.0,193.03864418021325,200.53545596895148,186.9048890803365,163.0,199.67972926627368,195.5,blend
2020-05-15,15,220.0,176.05843974215247,180.24408269658636,172.6338227794338,220.0,176.05843974215247,180.24408269658636,172.6338227794338,179.0,179.57516863918315,185.5,blend
2020-05-16,15,130.0,163.40637525351434,175.16907452983764,153.78234857288618,130.0,163.40637525351434,175.16907452983764,153.78234857288618,158.0,174.40812046879608,158.0,blend
2020-05-17,15,154.0,137.9376231135968,136.71136492513594,138.94092526779204,154.0,137.9376231135968,136.71136492513594,138.94092526779204,181.0,137.94820140916102,144.5,blend
2020-05-18,15,222.0,185.6307359504683,196.1213980011616,177.04746699990102,222.0,185.6307359504683,196.1213980011616,177.04746699990102,194.0,195.25382715416683,170.0,blend
2020-05-19,15,161.0,194.09562264244042,201.96835492189058,187.65429623198116,161.0,194.09562264244042,201.96835492189058,187.65429623198116,238.0,205.4990770102547,182.0,blend
2020-05-20,15,162.0,171.76476251214336,167.97364255111938,174.86658793479936,162.0,171.76476251214336,167.97364255111938,174.86658793479936,227.0,171.816985680634,182.0,blend
2020-05-21,15,194.0,172.8690716032105,173.0584694416678,172.71410973538175,194.0,172.8690716032105,173.0584694416678,172.71410973538175,190.0,173.08946967819455,188.0,blend
2020-05-22,15,157.0,168.12321908741723,166.52772961554848,169.42861956440075,157.0,168.12321908741723,166.52772961554848,169.42861956440075,220.0,164.84673689818806,161.0,blend
2020-05-23,15,201.0,130.70676495626722,124.03501639116246,136.16546832771655,201.0,130.70676495626722,124.03501639116246,136.16546832771655,130.0,122.58119593638419,122.0,blend
2020-05-24,15,176.0,146.13792474189952,147.9125087944935,144.6859923352317,176.0,146.13792474189952,147.9125087944935,144.6859923352317,154.0,146.67972341312984,108.0,blend
2020-05-25,15,239.0,179.70603599904317,183.64790377669203,176.48087145369408,239.0,179.70603599904317,183.64790377669203,176.48087145369408,222.0,181.5707331234351,147.5,blend
2020-05-26,15,225.0,194.4595466273177,201.73745537872875,188.50489401252685,225.0,194.4595466273177,201.73745537872875,188.50489401252685,161.0,199.66951228587862,184.0,blend
2020-05-27,15,180.0,193.46509043063355,197.1690121064256,190.43460905953097,180.0,193.46509043063355,197.1690121064256,190.43460905953097,162.0,193.42866382535823,185.5,blend
2020-05-28,15,191.0,177.81806227579602,174.38161729887707,180.6296990750933,191.0,177.81806227579602,174.38161729887707,180.6296990750933,194.0,174.99216723860033,176.5,blend
2020-05-29,15,248.0,175.53676275528295,178.14922209661987,173.3992960214618,248.0,175.53676275528295,178.14922209661987,173.3992960214618,157.0,178.3007887701957,162.5,blend
2020-05-30,15,213.0,163.90923466378996,170.71728237247265,158.33901381123138,213.0,163.90923466378996,170.71728237247265,158.33901381123138,201.0,171.05105463157918,154.5,blend
2020-05-31,15,173.0,153.7087366226685,154.4226717262978,153.12460790151727,173.0,153.7087366226685,154.4226717262978,153.12460790151727,176.0,155.77565809895844,153.5,blend
2020-06-01,15,236.0,213.35971246836385,248.99730583593595,184.20168153125937,236.0,213.35971246836385,248.99730583593595,184.20168153125937,239.0,247.7132429802863,156.0,blend
2020-06-02,15,228.0,204.70002251531088,220.30134261333302,191.93530607147457,228.0,204.70002251531088,220.30134261333302,191.93530607147457,225.0,219.56676639623905,179.5,blend
2020-06-03,15,177.0,192.6152884280492,196.33342813461974,189.57317412267332,177.0,192.6152884280492,196.33342813461974,189.57317412267332,180.0,198.30790719344682,188.5,blend
2020-06-04,15,148.0,184.68211666509913,190.50294628122407,179.91961970645144,148.0,184.68211666509913,190.50294628122407,179.91961970645144,191.0,193.36191792246893,174.0,blend
2020-06-05,15,185.0,171.38505638564507,173.66276891145995,169.52147340997834,185.0,171.38505638564507,173.66276891145995,169.52147340997834,248.0,177.80356189219137,167.5,blend
2020-06-06,15,184.0,150.90758220331952,154.96295256768695,147.58955190520066,184.0,150.90758220331952,154.96295256768695,147.58955190520066,213.0,155.7981893097648,156.5,blend
2020-06-07,15,199.0,148.07979528829983,148.71920014256492,147.55664586208295,199.0,148.07979528829983,148.71920014256492,147.55664586208295,173.0,150.31685303002573,132.5,blend
2020-06-08,15,246.0,193.77550268480468,210.09297712890103,180.42484177599857,246.0,193.77550268480468,210.09297712890103,180.42484177599857,236.0,212.0676558658419,142.0,blend
2020-06-09,15,255.0,203.4299028702364,222.34140062905962,187.956859249381,255.0,203.4299028702364,222.34140062905962,187.956859249381,228.0,222.54611455131217,187.5,blend
2020-06-10,15,234.0,199.7876044434921,210.51222649128428,191.01291367711667,234.0,199.7876044434921,210.51222649128428,191.01291367711667,177.0,208.6671261228509,192.5,blend
2020-06-11,15,187.0,198.6921470717888,208.34597746150317,190.7935585711134,187.0,198.6921470717888,208.34597746150317,190.7935585711134,148.0,207.62548983848973,184.5,blend
2020-06-12,15,263.0,184.13350273705777,191.92211077244156,177.7610052535619,263.0,184.13350273705777,191.92211077244156,177.7610052535619,185.0,189.7683485595244,176.0,blend
2020-06-13,15,153.0,174.12420337276984,193.83164493098704,157.99993300695576,153.0,174.12420337276984,193.83164493098704,157.99993300695576,184.0,196.6698045270761,160.0,blend
2020-06-14,15,119.0,151.33080060122165,156.2114955248978,147.33750475457754,119.0,151.33080060122165,156.2114955248978,147.33750475457754,199.0,158.28922834652172,159.0,blend
2020-06-15,15,287.0,188.4246664782939,204.8215011267395,175.00907449320198,287.0,188.4246664782939,204.8215011267395,175.00907449320198,246.0,204.5946769779654,176.5,blend
2020-06-16,15,257.0,215.26559041357672,241.71870094456168,193.62213634277083,257.0,215.26559041357672,241.71870094456168,193.62213634277083,255.0,245.27898115745722,201.5,blend
2020-06-17,15,238.0,202.41811640399033,213.8796731342905,193.04047907919926,238.0,202.41811640399033,213.8796731342905,193.04047907919926,234.0,213.4495331696175,210.5,blend
2020-06-18,15,241.0,205.01490840258094,221.6878844158897,191.37338257351013,241.0,205.01490840258094,221.6878844158897,191.37338257351013,187.0,221.1527556297856,183.0,blend
2020-06-19,15,173.0,195.22810511434227,207.32723880148495,185.32881391577092,173.0,195.22810511434227,207.32723880148495,185.32881391577092,263.0,209.67417202666348,149.0,blend
2020-06-20,15,166.0,150.79601339923033,152.18580782439994,149.6589088695461,166.0,150.79601339923033,152.18580782439994,149.6589088695461,153.0,151.76567752359213,133.0,blend
2020-06-21,15,97.0,149.80988575674655,157.18641576387878,143.7745430236384,97.0,149.80988575674655,157.18641576387878,143.7745430236384,119.0,155.66982560797447,122.0,blend
2020-06-22,15,294.0,177.98562477632333,186.9327280285477,170.6652675699579,294.0,177.98562477632333,186.9327280285477,170.6652675699579,287.0,185.29575573428494,140.0,blend
2020-06-23,15,197.0,215.2110889030746,243.9799566557846,191.67292437813006,197.0,215.2110889030746,243.9799566557846,191.67292437813006,257.0,241.22171995544952,181.5,blend
2020-06-24,15,219.0,185.72106380576568,189.86367728872625,182.33165277425246,219.0,185.72106380576568,189.86367728872625,182.33165277425246,238.0,188.32856258655252,182.0,blend
2020-06-25,15,261.0,191.26479999705742,195.48452238891883,187.81229985826172,261.0,191.26479999705742,195.48452238891883,187.81229985826172,241.0,195.11615898823237,155.5,blend
2020-06-26,15,188.0,195.88492853947173,212.1429287476281,182.58292836916198,188.0,195.88492853947173,212.1429287476281,182.58292836916198,173.0,210.12854665761674,155.0,blend
2020-06-27,15,232.0,148.18794154340839,145.2232384764114,150.61360768913318,232.0,148.18794154340839,145.2232384764114,150.61360768913318,166.0,146.3315640116374,135.0,blend
2020-06-28,15,123.0,162.90051359730475,176.22777425925972,151.9963912375234,123.0,162.90051359730475,176.22777425925972,151.9963912375234,97.0,177.24716516686823,116.0,blend
2020-06-29,15,183.0,188.3183227831351,204.3432837605116,175.20699107437247,183.0,188.3183227831351,204.3432837605116,175.20699107437247,294.0,202.3718690457032,193.0,blend
2020-06-30,15,228.0,185.05449099711475,188.30816677417053,182.39239263406913,228.0,185.05449099711475,188.30816677417053,182.39239263406913,197.0,187.60230766241625,230.0,blend
2020-07-01,16,142.0,211.53913200203579,246.59357666603168,205.35305353191887,142.0,211.53913200203579,246.59357666603168,205.35305353191887,219.0,243.69715733503625,185.5,blend
2020-07-02,16,135.0,174.63844811312413,185.7346422390307,172.6802962085524,135.0,174.63844811312413,185.7346422390307,172.6802962085524,261.0,190.45393578538432,171.5,blend
2020-07-03,16,61.0,158.31890448091872,159.86550660069923,158.04597469507513,61.0,158.31890448091872,159.86550660069923,158.04597469507513,188.0,164.2168127478581,148.0,blend
2020-07-04,16,106.0,117.05312828659143,108.8591415236998,118.49912595063113,106.0,117.05312828659143,108.8591415236998,118.49912595063113,232.0,108.8312957221255,113.0,blend
2020-07-05,16,55.0,116.86725877044267,98.49039471359063,120.1102347804754,55.0,116.86725877044267,98.49039471359063,120.1102347804754,123.0,94.76718440185712,92.5,blend
2020-07-06,16,86.0,136.62798149813887,145.72073524352214,135.0233778960124,86.0,136.62798149813887,145.72073524352214,135.0233778960124,183.0,146.1247859317752,100.5,blend
2020-07-07,16,55.0,128.845103093355,140.42671678102604,126.80128891317774,55.0,128.845103093355,140.42671678102604,126.80128891317774,228.0,143.30186575531215,115.0,blend
2020-07-08,16,107.0,112.35680945903518,101.54743765486806,114.26434565977056,107.0,112.35680945903518,101.54743765486806,114.26434565977056,142.0,102.06533397512331,125.0,blend
2020-07-09,16,117.0,118.20394797135162,108.68475029502052,119.88380638482182,117.0,118.20394797135162,108.68475029502052,119.88380638482182,135.0,112.39160131143564,140.5,blend
2020-07-10,16,114.0,114.49836484179454,100.36991238115958,116.99162115837719,114.0,114.49836484179454,100.36991238115958,116.99162115837719,61.0,101.65085659750338,134.0,blend
2020-07-11,16,94.0,98.4104293771361,87.4100599502129,100.35167104071078,94.0,98.4104293771361,87.4100599502129,100.35167104071078,106.0,89.09924815944471,115.0,blend
2020-07-12,16,78.0,90.30353972679589,55.87645703373591,96.3789072608653,78.0,90.30353972679589,55.87645703373591,96.3789072608653,55.0,54.36588750312649,112.0,blend
2020-07-13,16,128.0,116.67045977162833,118.86103254150754,116.28388810635553,128.0,116.67045977162833,118.86103254150754,116.28388810635553,86.0,117.38139439146639,141.0,blend
2020-07-14,16,92.0,132.0690029254321,131.40850969053326,132.18556055512013,92.0,132.0690029254321,131.40850969053326,132.18556055512013,55.0,131.9904798343059,166.5,blend
2020-07-15,16,156.0,118.58766552771867,108.09042551985311,120.44011964675377,156.0,118.58766552771867,108.09042551985311,120.44011964675377,107.0,106.41308850168335,148.5,blend
2020-07-16,16,147.0,141.15873749395678,135.99550647867076,142.06989590841903,147.0,141.15873749395678,135.99550647867076,142.06989590841903,117.0,134.84436302921074,141.0,blend
2020-07-17,16,81.0,123.62648681207784,102.03871610949602,127.43609340665111,81.0,123.62648681207784,102.03871610949602,127.43609340665111,114.0,106.28246214825455,142.5,blend
2020-07-18,16,87.0,91.77041869291672,82.33334538257316,93.43578457121264,87.0,91.77041869291672,82.33334538257316,93.43578457121264,94.0,83.46934725162241,124.5,blend
2020-07-19,16,78.0,86.13988380297246,60.624311722383084,90.64263181719411,78.0,86.13988380297246,60.624311722383084,90.64263181719411,78.0,59.843660062455044,102.0,blend
2020-07-20,16,119.0,117.95492850904701,124.32396945529432,116.83098010676807,119.0,117.95492850904701,124.32396945529432,116.83098010676807,128.0,123.10601883270608,122.5,blend
2020-07-21,16,84.0,123.8912495669333,117.17399376442785,125.07664764972839,84.0,123.8912495669333,117.17399376442785,125.07664764972839,92.0,118.45236238761893,149.5,blend
2020-07-22,16,114.0,123.07826186293397,117.06354718446552,124.13968210031075,114.0,123.07826186293397,117.06354718446552,124.13968210031075,156.0,116.42459945959529,140.0,blend
2020-07-23,16,137.0,125.69040860093335,125.21329819196912,125.77460455545646,137.0,125.69040860093335,125.21329819196912,125.77460455545646,147.0,124.41481908401529,142.0,blend
2020-07-24,16,116.0,115.73822212828907,101.6416576815349,118.22585114830451,116.0,115.73822212828907,101.6416576815349,118.22585114830451,81.0,98.84523897220824,137.5,blend
2020-07-25,16,109.0,100.94340116069894,102.04706414345922,100.7486371049177,109.0,100.94340116069894,102.04706414345922,100.7486371049177,87.0,100.21322604871577,111.5,blend
2020-07-26,16,90.0,96.13768110624626,80.3808659574688,98.91829554426582,90.0,96.13768110624626,80.3808659574688,98.91829554426582,78.0,79.77025258258567,98.5,blend
2020-07-27,16,131.0,118.98110121840413,116.5253300787086,119.41447259599747,131.0,118.98110121840413,116.5253300787086,119.41447259599747,119.0,117.93425562169358,119.0,blend
2020-07-28,16,132.0,130.2295642275999,124.91465386078507,131.16748958644956,132.0,130.2295642275999,124.91465386078507,131.16748958644956,84.0,126.76540873351772,137.0,blend
2020-07-29,16,137.0,132.54794528615943,126.29406238255919,133.65157168091244,137.0,132.54794528615943,126.29406238255919,133.65157168091244,114.0,128.12775909609456,134.0,blend
2020-07-30,16,120.0,132.27297923173944,130.4972894584464,132.58633625055586,120.0,132.27297923173944,130.4972894584464,132.58633625055586,137.0,134.11960217897774,159.5,blend
2020-07-31,16,109.0,117.37269844544412,89.04991941911061,122.37083592067945,109.0,117.37269844544412,89.04991941911061,122.37083592067945,116.0,90.7779436195134,163.5,blend
2020-08-01,16,66.0,131.3504671672265,126.40492205635489,132.2232104220862,66.0,131.3504671672265,126.40492205635489,132.2232104220862,109.0,129.26938349154483,124.0,blend
2020-08-02,16,72.0,93.28693611984662,67.32219883606473,97.86894858169049,72.0,93.28693611984662,67.32219883606473,97.86894858169049,90.0,65.39582701545804,112.0,blend
2020-08-03,16,130.0,116.31465511397613,108.20983576801842,117.74491735149809,130.0,116.31465511397613,108.20983576801842,117.74491735149809,131.0,112.21464143400651,140.5,blend
2020-08-04,16,106.0,128.0291333580319,111.68868021806276,130.91274273567353,106.0,128.0291333580319,111.68868021806276,130.91274273567353,132.0,114.808170175902,159.5,blend
2020-08-05,16,78.0,120.87372973587605,110.6695696358141,122.6744638711811,78.0,120.87372973587605,110.6695696358141,122.6744638711811,137.0,114.04618075587243,147.5,blend
2020-08-06,16,135.0,109.62180796729432,104.4199615824573,110.53978085873615,135.0,109.62180796729432,104.4199615824573,110.53978085873615,120.0,106.49947866280992,156.5,blend
2020-08-07,16,99.0,113.34103658384998,102.11188039415681,115.32265238203112,99.0,113.34103658384998,102.11188039415681,115.32265238203112,109.0,105.44334104188795,165.0,blend
2020-08-08,16,87.0,91.68131067287194,79.19965342984618,93.88395606870003,87.0,91.68131067287194,79.19965342984618,93.88395606870003,66.0,78.52389539397385,140.5,blend
2020-08-09,16,85.0,89.6715212031717,80.69574129151442,91.2554823640524,85.0,89.6715212031717,80.69574129151442,91.2554823640524,72.0,77.7015700450846,132.0,blend
2020-08-10,16,54.0,116.27557996990542,123.95946525712996,114.9196002133364,54.0,116.27557996990542,123.95946525712996,114.9196002133364,130.0,122.2521910733215,173.0,blend
2020-08-11,16,98.0,107.54658691025213,93.71241285459071,109.98791174360414,98.0,107.54658691025213,93.71241285459071,109.98791174360414,106.0,93.3572907993807,195.0,blend
2020-08-12,16,115.0,117.4571634018048,111.7215592298432,118.46932884391568,115.0,117.4571634018048,111.7215592298432,118.46932884391568,78.0,112.38968257652951,176.0,blend
2020-08-13,16,84.0,116.59190120955434,112.39516498611295,117.3325017195734,84.0,116.59190120955434,112.39516498611295,117.3325017195734,135.0,115.67746347882739,161.5,blend
2020-08-14,16,89.0,104.77663178567407,95.52165036015728,106.40986380194174,89.0,104.77663178567407,95.52165036015728,106.40986380194174,99.0,94.44430065287312,168.5,blend
2020-08-15,16,107.0,84.82725254377442,73.31397377354726,86.85900762087334,107.0,84.82725254377442,73.31397377354726,86.85900762087334,87.0,74.26383895599923,155.5,blend
2020-08-16,16,103.0,87.93957504531821,70.2620059700368,91.05914605860316,103.0,87.93957504531821,70.2620059700368,91.05914605860316,85.0,72.4081428140168,130.0,blend
2020-08-17,16,102.0,117.24628774751208,114.74875663927088,117.68702853131937,102.0,117.24628774751208,114.74875663927088,117.68702853131937,54.0,117.38807435889075,154.0,blend
2020-08-18,16,105.0,113.74523566398062,112.12466974668244,114.0312178846803,105.0,113.74523566398062,112.12466974668244,114.0312178846803,98.0,114.29920843047498,170.0,blend
2020-08-19,16,87.0,116.64636214997995,106.15874942867364,118.49711733609283,87.0,116.64636214997995,106.15874942867364,118.49711733609283,115.0,107.88236992286646,145.5,blend
2020-08-20,16,89.0,107.65587002951648,94.39469323999926,109.99607769825481,89.0,107.65587002951648,94.39469323999926,109.99607769825481,84.0,97.93741260356005,144.0,blend
2020-08-21,16,102.0,101.17376494588387,85.33677976783991,103.96852703612693,102.0,101.17376494588387,85.33677976783991,103.96852703612693,89.0,88.76128757029295,144.0,blend
2020-08-22,16,73.0,90.97775072414883,75.7159481803588,93.67100999658237,73.0,90.97775072414883,75.7159481803588,93.67100999658237,107.0,79.06894376449029,120.0,blend
2020-08-23,16,93.0,86.14387411376336,62.348222075697414,90.34310682636324,93.0,86.14387411376336,62.348222075697414,90.34310682636324,103.0,62.58458304750121,96.0,blend
2020-08-24,16,72.0,112.65883956885745,107.02154765853211,113.65365578832663,72.0,112.65883956885745,107.02154765853211,113.65365578832663,102.0,108.77238003575431,113.5,blend
2020-08-25,16,111.0,105.29331472677492,98.19718335775947,106.54557320366001,111.0,105.29331472677492,98.19718335775947,106.54557320366001,105.0,97.87969181910314,139.0,blend
2020-08-26,16,120.0,116.79462969905184,109.51356594632577,118.07952330247409,120.0,116.79462969905184,109.51356594632577,118.07952330247409,87.0,107.49476994505936,131.5,blend
2020-08-27,16,102.0,118.49091701934168,108.99431915276453,120.1667872310906,102.0,118.49091701934168,108.99431915276453,120.1667872310906,89.0,106.56616204064225,139.5,blend
2020-08-28,16,146.0,108.3772027197483,100.55707027156615,109.75722609295691,146.0,108.3772027197483,100.55707027156615,109.75722609295691,102.0,99.53683261179421,139.0,blend
2020-08-29,16,96.0,99.20238341839581,95.33055810273079,99.88564670939553,96.0,99.20238341839581,95.33055810273079,99.88564670939553,73.0,96.0162680405065,108.0,blend
2020-08-30,16,103.0,90.92512023793923,80.61098734456841,92.74526133676937,103.0,90.92512023793923,80.61098734456841,92.74526133676937,93.0,79.69149366264877,122.0,blend
2020-08-31,16,90.0,125.51785400406558,122.80861817758199,125.99595444403327,90.0,125.51785400406558,122.80861817758199,125.99595444403327,72.0,120.58640646101041,157.5,blend
2020-09-01,17,109.0,141.55638600513447,156.68162465608597,135.0741408690124,109.0,141.55638600513447,156.68162465608597,135.0741408690124,111.0,154.4723394027223,173.0,blend
2020-09-02,17,128.0,118.62595447737232,111.68235858012265,121.60178129047931,128.0,118.62595447737232,111.68235858012265,121.60178129047931,120.0,113.6174833586067,158.0,blend
2020-09-03,17,133.0,125.28358399451403,123.3145463877261,126.12745725456601,133.0,125.28358399451403,123.3145463877261,126.12745725456601,102.0,122.75640206057597,143.5,blend
2020-09-04,17,151.0,122.06502500143608,117.03228714784008,124.22191265297724,151.0,122.06502500143608,117.03228714784008,124.22191265297724,146.0,121.40776470888537,143.5,blend
2020-09-05,17,117.0,99.96737200020792,94.26669903667613,102.41051755600726,117.0,99.96737200020792,94.26669903667613,102.41051755600726,96.0,109.02859797913004,105.0,blend
2020-09-06,17,83.0,99.60892176140419,98.70880774502554,99.99468491128077,83.0,99.60892176140419,98.70880774502554,99.99468491128077,103.0,100.4755609786582,107.0,blend
2020-09-07,17,79.0,117.96306274663868,113.46875869504936,119.88919305446268,79.0,117.96306274663868,113.46875869504936,119.88919305446268,90.0,114.5163744469175,144.5,blend
2020-09-08,17,107.0,118.84760274612154,122.10782109933173,117.45036630903147,107.0,118.84760274612154,122.10782109933173,117.45036630903147,109.0,119.6904927582489,174.0,blend
2020-09-09,17,127.0,124.47764869620545,125.31564656726472,124.11850675146576,127.0,124.47764869620545,125.31564656726472,124.11850675146576,128.0,124.1537942319174,187.0,blend
2020-09-10,17,113.0,126.21855646106778,119.1136264637489,129.26352645991872,113.0,126.21855646106778,119.1136264637489,129.26352645991872,133.0,119.70400042905852,176.5,blend
2020-09-11,17,141.0,126.3526898601771,124.27344560553244,127.2437945407391,141.0,126.3526898601771,124.27344560553244,127.2437945407391,151.0,122.03742089494716,157.5,blend
2020-09-12,17,106.0,105.83976240361234,114.50554081004275,102.12585737228503,106.0,105.83976240361234,114.50554081004275,102.12585737228503,117.0,111.01854352010169,135.5,blend
2020-09-13,17,128.0,96.75280929620735,96.3195585726546,96.93848817772997,128.0,96.75280929620735,96.3195585726546,96.93848817772997,83.0,92.00655066685094,123.5,blend
2020-09-14,17,143.0,134.02297681682927,130.79873431491694,135.40479503193455,143.0,134.02297681682927,130.79873431491694,135.40479503193455,79.0,134.6068104814718,150.5,blend
2020-09-15,17,150.0,141.23014606474703,142.4418101746638,140.71086144621128,150.0,141.23014606474703,142.4418101746638,140.71086144621128,107.0,143.2172060419813,192.0,blend
2020-09-16,17,96.0,135.54561084259345,135.22129166721822,135.68460477489714,96.0,135.54561084259345,135.22129166721822,135.68460477489714,127.0,142.04551577844563,193.0,blend
2020-09-17,17,94.0,123.14887383403035,112.94192462899817,127.52328063618702,94.0,123.14887383403035,112.94192462899817,127.52328063618702,113.0,118.72570248162701,183.0,blend
2020-09-18,17,84.0,117.34618719979082,114.1954183899352,118.69651668972895,84.0,117.34618719979082,114.1954183899352,118.69651668972895,141.0,118.87061285383763,165.5,blend
2020-09-19,17,107.0,87.16163654893866,80.73257539494944,89.91694847207691,107.0,87.16163654893866,80.73257539494944,89.91694847207691,106.0,81.98152283015673,136.5,blend
2020-09-20,17,113.0,97.89954645924068,95.02638674706142,99.13090062160322,113.0,97.89954645924068,95.02638674706142,99.13090062160322,128.0,91.18626270672092,126.5,blend
2020-09-21,17,76.0,129.99186039285826,125.42957871496465,131.94712396909839,76.0,129.99186039285826,125.42957871496465,131.94712396909839,143.0,126.1050790101358,135.0,blend
2020-09-22,17,110.0,117.17801786934058,113.05784383048481,118.94380674313592,110.0,117.17801786934058,113.05784383048481,118.94380674313592,150.0,113.43757122932806,142.5,blend
2020-09-23,17,149.0,118.67185198415717,117.65431560342812,119.10793900446964,149.0,118.67185198415717,117.65431560342812,119.10793900446964,96.0,114.28298668094617,145.5,blend
2020-09-24,17,149.0,122.30488856701564,113.614498614378,126.02934140386037,149.0,122.30488856701564,113.614498614378,126.02934140386037,94.0,121.15837582987555,150.0,blend
2020-09-25,17,166.0,127.90180597073314,136.76195935114254,124.1045973791291,166.0,127.90180597073314,136.76195935114254,124.1045973791291,84.0,138.23753088676455,151.0,blend
2020-09-26,17,79.0,120.45995998201873,129.325788314911,116.66031926792205,79.0,120.45995998201873,129.325788314911,116.66031926792205,107.0,126.62932254330585,124.0,blend
2020-09-27,17,126.0,96.13795787489482,99.1069538038223,94.86553104821162,126.0,96.13795787489482,99.1069538038223,94.86553104821162,113.0,95.08404081267469,99.0,blend
2020-09-28,17,134.0,136.9748863949374,133.9013028013062,138.29213650649365,134.0,136.9748863949374,133.9013028013062,138.29213650649365,76.0,141.32034628829743,117.5,blend
2020-09-29,17,99.0,139.20563154344964,141.51050552438798,138.2178284087618,99.0,139.20563154344964,141.51050552438798,138.2178284087618,110.0,147.04229387854735,160.5,blend
2020-09-30,17,107.0,136.12376514487482,129.6183969158884,138.91178010015472,107.0,136.12376514487482,129.6183969158884,138.91178010015472,149.0,129.05119566027727,174.0,blend
2020-10-01,17,95.0,166.39808945236234,167.68262036606004,165.8475762036348,95.0,166.39808945236234,167.68262036606004,165.8475762036348,149.0,163.58297834425946,183.0,blend
2020-10-02,17,103.0,122.89028064008137,118.95036301927941,124.57881676328222,103.0,122.89028064008137,118.95036301927941,124.57881676328222,166.0,116.7027004696354,194.0,blend
2020-10-03,17,87.0,95.53878085273865,96.69790783633466,95.04201214548321,87.0,95.53878085273865,96.69790783633466,95.04201214548321,79.0,96.60712365640265,168.0,blend
2020-10-04,17,101.0,89.21259028424073,87.50481516224208,89.94449390795445,101.0,89.21259028424073,87.50481516224208,89.94449390795445,126.0,85.13448895861002,146.5,blend
2020-10-05,17,136.0,122.8429161966009,125.95833259319996,121.50773774091559,136.0,122.8429161966009,125.95833259319996,121.50773774091559,134.0,125.73791697923161,170.0,blend
2020-10-06,17,112.0,131.01897633182796,135.99540665857427,128.88622047750812,112.0,131.01897633182796,135.99540665857427,128.88622047750812,99.0,129.92814984384376,188.5,blend
2020-10-07,17,115.0,120.98624429067317,124.01569466939873,119.68790841407652,115.0,120.98624429067317,124.01569466939873,119.68790841407652,107.0,126.40852011779577,179.0,blend
2020-10-08,17,96.0,125.05568930577894,124.50169388961251,125.29311591270742,96.0,125.05568930577894,124.50169388961251,125.29311591270742,95.0,123.13440280566263,178.0,blend
2020-10-09,17,101.0,112.02258725897934,114.68541633181657,110.88137479919197,101.0,112.02258725897934,114.68541633181657,110.88137479919197,103.0,113.70427576162277,171.5,blend
2020-10-10,17,79.0,91.68287416155219,89.69299693804538,92.53567868591225,79.0,91.68287416155219,89.69299693804538,92.53567868591225,87.0,85.34105218475806,134.5,blend
2020-10-11,17,41.0,90.97631789713563,91.60638420651111,90.70628947883185,41.0,90.97631789713563,91.60638420651111,90.70628947883185,101.0,83.19414231730819,111.0,blend
2020-10-12,17,95.0,111.23802397448836,118.65239488422274,108.06043644174507,95.0,111.23802397448836,118.65239488422274,108.06043644174507,136.0,117.09402724965398,159.5,blend
2020-10-13,17,114.0,117.23419822735546,119.8655321673319,116.10648368165128,114.0,117.23419822735546,119.8655321673319,116.10648368165128,112.0,117.80392549210745,202.0,blend
2020-10-14,17,95.0,111.28322321457338,105.21894766106182,113.88219845179263,95.0,111.28322321457338,105.21894766106182,113.88219845179263,115.0,108.60370343264466,188.0,blend
2020-10-15,17,75.0,108.35652431313305,102.34810223970054,110.93156234460413,75.0,108.35652431313305,102.34810223970054,110.93156234460413,96.0,102.08791177307094,175.5,blend
2020-10-16,17,111.0,93.8394475920099,85.52141602327197,97.40431826432618,111.0,93.8394475920099,85.52141602327197,97.40431826432618,101.0,84.66793223281974,162.0,blend
2020-10-17,17,77.0,87.1861588406921,79.4619375967805,90.49653937379709,77.0,87.1861588406921,79.4619375967805,90.49653937379709,79.0,79.51868606247831,132.5,blend
2020-10-18,17,127.0,79.95967515388863,69.48016377916643,84.45089431448386,127.0,79.95967515388863,69.48016377916643,84.45089431448386,41.0,64.04922673684476,117.5,blend
2020-10-19,17,119.0,127.74366158351327,131.10018062677122,126.30515342211703,119.0,127.74366158351327,131.10018062677122,126.30515342211703,95.0,129.84646738077166,139.0,blend
2020-10-20,17,72.0,120.71892049923633,115.90913578503579,122.78025680532228,72.0,120.71892049923633,115.90913578503579,122.78025680532228,114.0,122.19928414187649,162.0,blend
2020-10-21,17,136.0,108.86757205484395,110.15467271738291,108.3159574851844,136.0,108.86757205484395,110.15467271738291,108.3159574851844,95.0,108.71148147251856,159.5,blend
2020-10-22,17,95.0,121.67326429633283,122.45863179251924,121.33667822653868,95.0,121.67326429633283,122.45863179251924,121.33667822653868,75.0,124.12372704665876,168.0,blend
2020-10-23,17,111.0,105.44545722239373,103.01008110817095,106.48918984277493,111.0,105.44545722239373,103.01008110817095,106.48918984277493,111.0,107.57815580698434,160.0,blend
2020-10-24,17,90.0,93.33655380479186,94.04756471914847,93.03183484149618,90.0,93.33655380479186,94.04756471914847,93.03183484149618,77.0,91.9021672181613,127.0,blend
2020-10-25,17,40.0,85.77184684917424,78.46405626204314,88.90375710080185,40.0,85.77184684917424,78.46405626204314,88.90375710080185,127.0,79.79308040768123,105.5,blend
2020-10-26,17,93.0,106.17042050632205,108.92781689857199,104.98867919535778,93.0,106.17042050632205,108.92781689857199,104.98867919535778,119.0,108.08209965128489,124.5,blend
2020-10-27,17,112.0,109.27134278236332,108.22620783471007,109.719257759929,112.0,109.27134278236332,108.22620783471007,109.719257759929,72.0,106.05239620768171,148.5,blend
2020-10-28,17,119.0,115.75914523631124,114.7277207329322,116.201184309188,119.0,115.75914523631124,114.7277207329322,116.201184309188,136.0,111.89571360814035,145.0,blend
2020-10-29,17,128.0,113.957529652337,106.54101531080977,117.13603579870582,128.0,113.957529652337,106.54101531080977,117.13603579870582,95.0,105.19041919909859,151.5,blend
2020-10-30,17,106.0,110.33452162058856,107.63648320999896,111.49082379655553,106.0,110.33452162058856,107.63648320999896,111.49082379655553,111.0,108.5752969451294,154.5,blend
2020-10-31,17,84.0,87.22958723694148,79.14727520729252,90.69343524964819,84.0,87.22958723694148,79.14727520729252,90.69343524964819,90.0,74.26899201227184,133.5,blend
2020-11-01,18,78.0,99.79384138194737,104.6020421019536,99.79384138194737,78.0,99.79384138194737,104.6020421019536,99.79384138194737,40.0,105.0262794367914,114.0,direct_only
2020-11-02,18,125.0,99.60630836401845,120.84546105934592,99.60630836401845,125.0,99.60630836401845,120.84546105934592,99.60630836401845,93.0,121.99973623925408,133.0,direct_only
2020-11-03,18,78.0,117.03419059965292,124.90800184787024,117.03419059965292,78.0,117.03419059965292,124.90800184787024,117.03419059965292,112.0,123.91627332805419,162.0,direct_only
2020-11-04,18,82.0,101.82181687658593,108.06113625602194,101.82181687658593,82.0,101.82181687658593,108.06113625602194,101.82181687658593,119.0,108.13908075347777,154.5,direct_only
2020-11-05,18,83.0,100.16217847259148,103.71677043028237,100.16217847259148,83.0,100.16217847259148,103.71677043028237,100.16217847259148,128.0,100.5952597475877,138.5,direct_only
2020-11-06,18,61.0,94.26154753965898,87.39657759502224,94.26154753965898,61.0,94.26154753965898,87.39657759502224,94.26154753965898,106.0,89.0701688147581,148.5,direct_only
2020-11-07,18,75.0,81.34186271692704,65.37303005850193,81.34186271692704,75.0,81.34186271692704,65.37303005850193,81.34186271692704,84.0,64.49033417503873,137.5,direct_only
2020-11-08,18,89.0,83.95696034492832,55.902448856474216,83.95696034492832,89.0,83.95696034492832,55.902448856474216,83.95696034492832,78.0,50.86812866287859,110.5,direct_only
2020-11-09,18,114.0,101.99914424827587,106.02730211194665,101.99914424827587,114.0,101.99914424827587,106.02730211194665,101.99914424827587,125.0,106.6658471261346,130.5,direct_only
2020-11-10,18,94.0,109.11395440729824,110.49894061967605,109.11395440729824,94.0,109.11395440729824,110.49894061967605,109.11395440729824,78.0,111.8419682351248,154.5,direct_only
2020-11-11,18,72.0,103.17262681464423,102.67005418925001,103.17262681464423,72.0,103.17262681464423,102.67005418925001,103.17262681464423,82.0,103.9140456135655,141.5,direct_only
2020-11-12,18,79.0,96.50955430825346,89.4027992599297,96.50955430825346,79.0,96.50955430825346,89.4027992599297,96.50955430825346,83.0,91.6617268373371,126.5,direct_only
2020-11-13,18,81.0,94.13371973304297,87.41152542446412,94.13371973304297,81.0,94.13371973304297,87.41152542446412,94.13371973304297,61.0,83.93961113284698,123.5,direct_only
2020-11-14,18,89.0,81.78237046151045,72.28005671302077,81.78237046151045,89.0,81.78237046151045,72.28005671302077,81.78237046151045,75.0,66.89437767241171,114.0,direct_only
2020-11-15,18,92.0,84.65065192018358,78.96792543187662,84.65065192018358,92.0,84.65065192018358,78.96792543187662,84.65065192018358,89.0,73.67204737911402,107.5,direct_only
2020-11-16,18,77.0,103.75677530179144,121.5820135030193,103.75677530179144,77.0,103.75677530179144,121.5820135030193,103.75677530179144,114.0,118.42331474395291,129.0,direct_only
2020-11-17,18,81.0,98.16771007426007,96.06612729757333,98.16771007426007,81.0,98.16771007426007,96.06612729757333,98.16771007426007,94.0,90.42388280748217,141.0,direct_only
2020-11-18,18,65.0,99.56674270518134,98.03094778567758,99.56674270518134,65.0,99.56674270518134,98.03094778567758,99.56674270518134,72.0,93.06138832620381,130.5,direct_only
2020-11-19,18,109.0,93.78441494261193,83.54225685207261,93.78441494261193,109.0,93.78441494261193,83.54225685207261,93.78441494261193,79.0,82.04858985057895,146.5,direct_only
2020-11-20,18,81.0,101.34900121792913,93.04818757129058,101.34900121792913,81.0,101.34900121792913,93.04818757129058,101.34900121792913,81.0,89.31251181553971,152.5,direct_only
2020-11-21,18,62.0,81.64801338345032,71.73200264939763,81.64801338345032,62.0,81.64801338345032,71.73200264939763,81.64801338345032,89.0,70.34862356673615,117.5,direct_only
2020-11-22,18,59.0,80.51358808738685,61.139514985068,80.51358808738685,59.0,80.51358808738685,61.139514985068,80.51358808738685,92.0,54.2612846512917,99.0,direct_only
2020-11-23,18,109.0,95.3517884770416,97.46039368229359,95.3517884770416,109.0,95.3517884770416,97.46039368229359,95.3517884770416,77.0,94.42476860856435,131.0,direct_only
2020-11-24,18,117.0,103.24904508949595,101.87834141877367,103.24904508949595,117.0,103.24904508949595,101.87834141877367,103.24904508949595,81.0,108.48433148423938,157.0,direct_only
2020-11-25,18,95.0,105.37719027033187,103.56318761577079,105.37719027033187,95.0,105.37719027033187,103.56318761577079,105.37719027033187,65.0,107.38952121539187,149.0,direct_only
2020-11-26,18,105.0,101.44389709245502,107.46353953363882,101.44389709245502,105.0,101.44389709245502,107.46353953363882,101.44389709245502,109.0,108.23211624400379,138.5,direct_only
2020-11-27,18,102.0,100.86812612505605,96.82011281398586,100.86812612505605,102.0,100.86812612505605,96.82011281398586,100.86812612505605,81.0,93.50399693874178,120.0,direct_only
2020-11-28,18,80.0,86.74931897372872,82.83160797706199,86.74931897372872,80.0,86.74931897372872,82.83160797706199,86.74931897372872,62.0,77.96801867013741,104.0,direct_only
2020-11-29,18,89.0,80.02948230135932,78.9325928379308,80.02948230135932,89.0,80.02948230135932,78.9325928379308,80.02948230135932,59.0,74.57871607036918,116.0,direct_only
2020-11-30,18,97.0,102.02171074818219,112.1786797959924,102.02171074818219,97.0,102.02171074818219,112.1786797959924,102.02171074818219,109.0,110.59018289904238,151.0,direct_only
2020-12-01,18,106.0,116.79144031135783,139.7158003624326,116.79144031135783,106.0,116.79144031135783,139.7158003624326,116.79144031135783,117.0,139.74862118792646,161.0,direct_only
2020-12-02,18,100.0,104.72286721858794,101.57867895019751,104.72286721858794,100.0,104.72286721858794,101.57867895019751,104.72286721858794,95.0,102.88409714438515,154.0,direct_only
2020-12-03,18,153.0,104.36676244135043,106.88037151444445,104.36676244135043,153.0,104.36676244135043,106.88037151444445,104.36676244135043,105.0,107.74879309887986,167.0,direct_only
2020-12-04,18,116.0,114.3450720740673,117.7904592486248,114.3450720740673,116.0,114.3450720740673,117.7904592486248,114.3450720740673,102.0,115.61466255683538,168.0,direct_only
2020-12-05,18,111.0,92.22928479940424,96.74776167719861,92.22928479940424,111.0,92.22928479940424,96.74776167719861,92.22928479940424,80.0,92.40524314281656,138.0,direct_only
2020-12-06,18,123.0,91.38375493969971,98.66998469799331,91.38375493969971,123.0,91.38375493969971,98.66998469799331,91.38375493969971,89.0,95.04405340241343,117.0,direct_only
2020-12-07,18,123.0,116.56059856770094,135.46091301415248,116.56059856770094,123.0,116.56059856770094,135.46091301415248,116.56059856770094,97.0,137.10877151699216,145.0,direct_only
2020-12-08,18,84.0,115.25718532503339,129.59678181650304,115.25718532503339,84.0,115.25718532503339,129.59678181650304,115.25718532503339,106.0,132.68909312591623,163.0,direct_only
2020-12-09,18,81.0,105.01223474606576,111.73924761059571,105.01223474606576,81.0,105.01223474606576,111.73924761059571,105.01223474606576,100.0,113.05807561894947,156.0,direct_only
2020-12-10,18,150.0,116.95935093562085,115.24126885936738,116.95935093562085,150.0,116.95935093562085,115.24126885936738,116.95935093562085,153.0,112.15543319280633,154.5,direct_only
2020-12-11,18,86.0,114.69005038089688,122.84628194351725,114.69005038089688,86.0,114.69005038089688,122.84628194351725,114.69005038089688,116.0,118.92167614695579,144.5,direct_only
2020-12-12,18,106.0,84.42283024646724,88.26158488124996,84.42283024646724,106.0,84.42283024646724,88.26158488124996,84.42283024646724,111.0,87.21397161734566,120.0,direct_only
2020-12-13,18,82.0,90.32161515371585,96.28813877614051,90.32161515371585,82.0,90.32161515371585,96.28813877614051,90.32161515371585,123.0,93.12423337024656,102.5,direct_only
2020-12-14,18,97.0,98.54583576165216,109.15656301734514,98.54583576165216,97.0,98.54583576165216,109.15656301734514,98.54583576165216,123.0,109.32316543172095,123.5,direct_only
2020-12-15,18,91.0,104.10897090517318,112.86574191738579,104.10897090517318,91.0,104.10897090517318,112.86574191738579,104.10897090517318,84.0,112.96882397546803,145.0,direct_only
2020-12-16,18,92.0,100.46440221967845,101.07912912633856,100.46440221967845,92.0,100.46440221967845,101.07912912633856,100.46440221967845,81.0,98.12631229775205,141.5,direct_only
2020-12-17,18,116.0,109.78838260353243,117.28482211065345,109.78838260353243,116.0,109.78838260353243,117.28482211065345,109.78838260353243,150.0,116.2141688362142,142.5,direct_only
2020-12-18,18,85.0,101.72716723990128,95.55160758603702,101.72716723990128,85.0,101.72716723990128,95.55160758603702,101.72716723990128,86.0,94.69077201075837,133.0,direct_only
2020-12-19,18,89.0,76.5012779985041,74.9647402320505,76.5012779985041,89.0,76.5012779985041,74.9647402320505,76.5012779985041,106.0,76.08800535157977,113.0,direct_only
2020-12-20,18,105.0,78.43505734688947,74.28420096829848,78.43505734688947,105.0,78.43505734688947,74.28420096829848,78.43505734688947,82.0,75.31002643852187,109.0,direct_only
2020-12-21,18,100.0,102.18011762525228,108.41636737205145,102.18011762525228,100.0,102.18011762525228,108.41636737205145,102.18011762525228,97.0,114.26571859769801,101.5,direct_only
2020-12-22,18,122.0,100.14266969421115,105.73590463264466,100.14266969421115,122.0,100.14266969421115,105.73590463264466,100.14266969421115,91.0,107.4933436969885,84.0,direct_only
2020-12-23,18,123.0,100.57784864216956,101.24375687434504,100.57784864216956,123.0,100.57784864216956,101.24375687434504,100.57784864216956,92.0,107.38896514721742,72.0,direct_only
2020-12-24,18,118.0,102.40852081897683,113.70537789696414,102.40852081897683,118.0,102.40852081897683,113.70537789696414,102.40852081897683,116.0,120.01711970291113,100.0,direct_only
2020-12-25,18,63.0,99.60225305252635,102.48426531709639,99.60225305252635,63.0,99.60225305252635,102.48426531709639,99.60225305252635,85.0,106.33478182639013,134.0,direct_only
2020-12-26,18,58.0,76.34300191363295,77.16797650740475,76.34300191363295,58.0,76.34300191363295,77.16797650740475,76.34300191363295,89.0,75.67419955693144,116.5,direct_only
2020-12-27,18,107.0,74.79385490658919,67.8970677179452,74.79385490658919,107.0,74.79385490658919,67.8970677179452,74.79385490658919,105.0,65.72748145835,87.0,direct_only
2020-12-28,18,115.0,102.59993662314781,104.04048327287916,102.59993662314781,115.0,102.59993662314781,104.04048327287916,102.59993662314781,100.0,107.47307199440334,83.5,direct_only
2020-12-29,18,77.0,107.6814050307019,110.81615291257356,107.6814050307019,77.0,107.6814050307019,110.81615291257356,107.6814050307019,122.0,111.61632212978688,77.0,direct_only
2020-12-30,18,81.0,90.75460244265008,94.91671381810515,90.75460244265008,81.0,90.75460244265008,94.91671381810515,90.75460244265008,123.0,97.13577530992876,67.0,direct_only
2020-12-31,18,104.0,87.2945512442307,90.20897381180829,87.2945512442307,104.0,87.2945512442307,90.20897381180829,87.2945512442307,118.0,89.73777191151143,81.5,direct_only
2021-01-01,19,117.0,103.35336678581649,108.44103801622688,102.45554245103818,117.0,103.35336678581649,108.44103801622688,102.45554245103818,63.0,117.12899129504757,101.5,blend
2021-01-02,19,105.0,87.04731564241526,89.59152115657079,86.59833819874076,105.0,87.04731564241526,89.59152115657079,86.59833819874076,58.0,89.89832402684056,86.0,blend
2021-01-03,19,97.0,86.39559694179466,93.92917110185073,85.06614267825536,97.0,86.39559694179466,93.92917110185073,85.06614267825536,107.0,93.88917946882631,74.5,blend
2021-01-04,19,98.0,104.88097137597556,110.71203279421363,103.85196053746296,98.0,104.88097137597556,110.71203279421363,103.85196053746296,115.0,110.90269241815115,88.5,blend
2021-01-05,19,123.0,103.06927640243092,98.4659319664431,103.88163130289936,123.0,103.06927640243092,98.4659319664431,103.88163130289936,77.0,97.11473973770973,96.0,blend
2021-01-06,19,93.0,106.31639889287078,103.50540327861899,106.81245694244464,93.0,106.31639889287078,103.50540327861899,106.81245694244464,81.0,105.97401084514692,91.0,blend
2021-01-07,19,136.0,100.9319825626784,106.23729750105316,99.9957505147299,136.0,100.9319825626784,106.23729750105316,99.9957505147299,104.0,108.97250321879615,92.0,blend
2021-01-08,19,93.0,102.5880535968717,96.78417903513895,103.61226675482456,93.0,102.5880535968717,96.78417903513895,103.61226675482456,117.0,100.9553985893668,92.5,blend
2021-01-09,19,74.0,80.57965358655564,80.74351661608985,80.55073658134373,74.0,80.57965358655564,80.74351661608985,80.55073658134373,105.0,79.54231838923292,90.5,blend
2021-01-10,19,72.0,79.6545422951176,76.7802811821125,80.16176484447142,72.0,79.6545422951176,76.7802811821125,80.16176484447142,97.0,73.43643924566547,89.5,blend
2021-01-11,19,109.0,99.1445442512485,98.21909454350839,99.30785890555559,109.0,99.1445442512485,98.21909454350839,99.30785890555559,98.0,99.85686362893989,76.5,blend
2021-01-12,19,122.0,101.30823465624053,102.34498052732249,101.12527950252019,122.0,101.30823465624053,102.34498052732249,101.12527950252019,123.0,105.64454894297238,76.5,blend
2021-01-13,19,128.0,104.9785583083644,103.42978639586175,105.25187099880606,128.0,104.9785583083644,103.42978639586175,105.25187099880606,93.0,105.05607492235536,91.0,blend
2021-01-14,19,92.0,109.31486234836066,110.18404719813115,109.16147678663646,92.0,109.31486234836066,110.18404719813115,109.16147678663646,136.0,115.5881098373755,103.0,blend
2021-01-15,19,111.0,94.19792288833786,90.47476775029762,94.85495026563908,111.0,94.19792288833786,90.47476775029762,94.85495026563908,93.0,88.98617771340247,96.5,blend
2021-01-16,19,67.0,83.73153166161869,83.54811618410355,83.76389909882724,67.0,83.73153166161869,83.54811618410355,83.76389909882724,74.0,81.24446212012026,78.5,blend
2021-01-17,19,111.0,77.63224218410804,70.71960797325869,78.85211880955205,111.0,77.63224218410804,70.71960797325869,78.85211880955205,72.0,70.1699849172513,75.0,blend
2021-01-18,19,115.0,108.87226917146819,117.10317528118641,107.41975632857674,115.0,108.87226917146819,117.10317528118641,107.41975632857674,109.0,115.14814788002532,90.0,blend
2021-01-19,19,149.0,108.83684199889215,112.12186319365816,108.25713237628639,149.0,108.83684199889215,112.12186319365816,108.25713237628639,122.0,112.68852517939959,105.0,blend
2021-01-20,19,138.0,119.49262852588956,123.23139639027555,118.83284596158614,138.0,119.49262852588956,123.23139639027555,118.83284596158614,128.0,122.58969336203057,101.5,blend
2021-01-21,19,97.0,115.36669064544405,109.0827371287167,116.47562361898419,97.0,115.36669064544405,109.0827371287167,116.47562361898419,92.0,115.8866639287489,82.5,blend
2021-01-22,19,107.0,103.37555509490078,97.13372974023835,104.47705368690002,107.0,103.37555509490078,97.13372974023835,104.47705368690002,111.0,94.40301986011917,90.5,blend
2021-01-23,19,133.0,86.7143292887464,78.43666624734904,88.17509335487534,133.0,86.7143292887464,78.43666624734904,88.17509335487534,67.0,79.05205168007727,99.5,blend
2021-01-24,19,105.0,95.45789579899093,93.79163788425367,95.75194131335633,105.0,95.45789579899093,93.79163788425367,95.75194131335633,111.0,90.22869580276398,83.0,blend
2021-01-25,19,185.0,115.71608690349208,115.82683256306362,115.69654355180299,185.0,115.71608690349208,115.82683256306362,115.69654355180299,115.0,121.6400037329533,75.0,blend
2021-01-26,19,103.0,149.26675790203947,143.91255533055968,150.21161717935945,103.0,149.26675790203947,143.91255533055968,150.21161717935945,149.0,146.6959040593045,84.0,blend
2021-01-27,19,116.0,118.38880107518625,112.81820441805836,119.37184754409117,116.0,118.38880107518625,112.81820441805836,119.37184754409117,138.0,113.65156563401482,92.5,blend
2021-01-28,19,103.0,115.86622313536645,110.6676314719748,116.78362166420028,103.0,115.86622313536645,110.6676314719748,116.78362166420028,97.0,114.65440488282752,102.5,blend
2021-01-29,19,129.0,110.52790374537958,103.68299471653029,111.7358288681177,129.0,110.52790374537958,103.68299471653029,111.7358288681177,107.0,101.88017331514294,95.0,blend
2021-01-30,19,86.0,101.83585582213847,96.53408176799657,102.77146300816352,86.0,101.83585582213847,96.53408176799657,102.77146300816352,133.0,97.54859777535266,63.0,blend
2021-01-31,19,86.0,88.49833932707358,66.15911275963062,92.44055578015175,86.0,88.49833932707358,66.15911275963062,92.44055578015175,105.0,65.42295707900476,52.0,blend
2021-02-01,19,85.0,128.24769089083213,143.90244346829786,125.48508749480877,85.0,128.24769089083213,143.90244346829786,125.48508749480877,185.0,150.63359133971238,54.0,blend
2021-02-02,19,97.0,106.65456976096364,106.66949908108751,106.65193517505942,97.0,106.65456976096364,106.66949908108751,106.65193517505942,103.0,111.0785483509786,66.5,blend
2021-02-03,19,144.0,106.97887496205158,106.64074919843965,107.03854421445368,144.0,106.97887496205158,106.64074919843965,107.03854421445368,116.0,107.78947345824317,91.0,blend
2021-02-04,19,165.0,115.37215004301876,117.96291175372464,114.91495679995303,165.0,115.37215004301876,117.96291175372464,114.91495679995303,103.0,121.56274301170444,103.5,blend
2021-02-05,19,119.0,126.2556053660567,122.19970648082766,126.97135222815595,119.0,126.2556053660567,122.19970648082766,126.97135222815595,129.0,126.9359952474633,109.5,blend
2021-02-06,19,129.0,102.12599615858558,98.72912799832267,102.72544348098492,129.0,102.12599615858558,98.72912799832267,102.72544348098492,86.0,98.84205538295939,97.0,blend
2021-02-07,19,167.0,102.48216961373915,93.10040261840928,104.13777555409149,167.0,102.48216961373915,93.10040261840928,104.13777555409149,86.0,94.16493720411907,69.0,blend
2021-02-08,19,151.0,156.66939949196555,154.1080971005655,157.1213940316244,151.0,156.66939949196555,154.1080971005655,157.1213940316244,85.0,154.8861944165378,81.0,blend
2021-02-09,19,145.0,151.15082825148042,149.56318421831182,151.43100072792197,145.0,151.15082825148042,149.56318421831182,151.43100072792197,97.0,147.88678957451793,119.0,blend
2021-02-10,19,137.0,155.65626875032177,150.31654655166224,156.5985726677323,137.0,155.65626875032177,150.31654655166224,156.5985726677323,144.0,149.35374803326175,121.0,blend
2021-02-11,19,170.0,151.89154276518133,126.83912357401285,156.312557916564,170.0,151.89154276518133,126.83912357401285,156.312557916564,165.0,126.50622957358541,112.5,blend
2021-02-12,19,166.0,156.98101673705528,134.3448494990679,160.97563448493543,166.0,156.98101673705528,134.3448494990679,160.97563448493543,119.0,136.71693940580482,116.0,blend
2021-02-13,19,111.0,134.19594642416962,118.66433082081639,136.93681976593786,111.0,134.19594642416962,118.66433082081639,136.93681976593786,129.0,119.15247593699672,100.5,blend
2021-02-14,19,112.0,127.85048034325393,109.98598296778152,131.00303870363143,112.0,127.85048034325393,109.98598296778152,131.00303870363143,167.0,108.74344195545507,73.0,blend
2021-02-15,19,144.0,151.67308105636093,130.23982215321774,155.45542086279795,144.0,151.67308105636093,130.23982215321774,155.45542086279795,151.0,132.5324223024532,66.5,blend
2021-02-16,19,77.0,148.3395156071457,133.89635731483634,150.88830824696498,77.0,148.3395156071457,133.89635731483634,150.88830824696498,145.0,136.04457548648477,95.0,blend
2021-02-17,19,106.0,128.4276055581885,118.37551951308312,130.20150309556004,106.0,128.4276055581885,118.37551951308312,130.20150309556004,137.0,120.96611320610998,119.0,blend
2021-02-18,19,103.0,135.51006094948704,119.5686840737764,138.32324510402424,103.0,135.51006094948704,119.5686840737764,138.32324510402424,170.0,120.75235623686193,115.0,blend
2021-02-19,19,132.0,123.71456918418158,103.3138674993988,127.31469301090797,132.0,123.71456918418158,103.3138674993988,127.31469301090797,166.0,101.36350697466887,102.0,blend
2021-02-20,19,115.0,105.9093770716064,102.79695455200023,106.45862810447807,115.0,105.9093770716064,102.79695455200023,106.45862810447807,111.0,101.51474753037711,90.5,blend
2021-02-21,19,67.0,102.9062518188885,91.71701530601453,104.88082296821922,67.0,102.9062518188885,91.71701530601453,104.88082296821922,112.0,88.12993584692404,60.5,blend
2021-02-22,19,94.0,121.18281325501223,122.31047444079518,120.98381422222701,94.0,121.18281325501223,122.31047444079518,120.98381422222701,144.0,119.66486099514306,57.0,blend
2021-02-23,19,137.0,113.24856660387988,99.0298330127272,115.75775488467153,137.0,113.24856660387988,99.0298330127272,115.75775488467153,77.0,98.07874524131911,86.0,blend
2021-02-24,19,133.0,123.5594469203737,112.72566687417131,125.47129045793884,133.0,123.5594469203737,112.72566687417131,125.47129045793884,106.0,113.94513426264744,93.5,blend
2021-02-25,19,150.0,129.22868557204407,122.36671538442404,130.43962148750643,150.0,129.22868557204407,122.36671538442404,130.43962148750643,103.0,122.19732534836575,115.5,blend
2021-02-26,19,113.0,128.90014915551419,122.3403368461927,130.05776309245329,113.0,128.90014915551419,122.3403368461927,130.05776309245329,132.0,125.57896156107687,121.0,blend
2021-02-27,19,83.0,99.72499273856158,89.92440985715285,101.45450736469255,83.0,99.72499273856158,89.92440985715285,101.45450736469255,115.0,88.75762768407404,102.0,blend
2021-02-28,19,93.0,88.17338480827004,64.61872919057296,92.33008874080483,93.0,88.17338480827004,64.61872919057296,92.33008874080483,67.0,62.57833971236775,102.5,blend
2021-03-01,20,107.0,130.08757021403113,149.44949609743045,121.78960197828857,107.0,130.08757021403113,149.44949609743045,121.78960197828857,94.0,147.63666783623398,109.0,blend
2021-03-02,20,122.0,118.33612099673392,114.21231466859443,120.10346656593657,122.0,118.33612099673392,114.21231466859443,120.10346656593657,137.0,118.56565071825133,120.5,blend
2021-03-03,20,139.0,123.07855673080786,124.25025929436778,122.57639848928218,139.0,123.07855673080786,124.25025929436778,122.57639848928218,133.0,127.03861615741152,122.5,blend
2021-03-04,20,148.0,133.38483125262732,129.71219559620096,134.95881796252434,148.0,133.38483125262732,129.71219559620096,134.95881796252434,150.0,130.64374605150235,101.0,blend
2021-03-05,20,112.0,126.66248652868093,125.28710984691774,127.25193367800802,112.0,126.66248652868093,125.28710984691774,127.25193367800802,113.0,127.17212264851977,82.0,blend
2021-03-06,20,130.0,108.4191528460652,105.33537686289682,109.74077112456595,130.0,108.4191528460652,105.33537686289682,109.74077112456595,83.0,103.57092803836937,73.5,blend
2021-03-07,20,84.0,109.85156055498032,103.43770178221318,112.60035717188053,84.0,109.85156055498032,103.43770178221318,112.60035717188053,93.0,107.99916302819994,68.5,blend
2021-03-08,20,124.0,123.19341532518055,121.08618073370783,124.09651586438315,124.0,123.19341532518055,121.08618073370783,124.09651586438315,107.0,123.96790360367709,81.0,blend
2021-03-09,20,162.0,131.0384805121379,133.16119344409896,130.1287463984403,162.0,131.0384805121379,133.16119344409896,130.1287463984403,122.0,135.38471677237834,109.5,blend
2021-03-10,20,168.0,142.07060926045216,142.96851748044517,141.68579145188374,168.0,142.07060926045216,142.96851748044517,141.68579145188374,139.0,142.27014437212165,113.0,blend
2021-03-11,20,129.0,154.85503160440402,158.4498552526115,153.3143928980294,129.0,154.85503160440402,158.4498552526115,153.3143928980294,148.0,156.69162294524497,106.5,blend
2021-03-12,20,126.0,130.2080021417836,133.05194953112937,128.98916754634973,126.0,130.2080021417836,133.05194953112937,128.98916754634973,112.0,137.14027308610667,114.5,blend
2021-03-13,20,74.0,114.62489303721713,109.87351743555445,116.66119686650114,74.0,114.62489303721713,109.87351743555445,116.66119686650114,130.0,114.04095853441746,106.5,blend
2021-03-14,20,77.0,101.37925075249221,84.17956020438045,108.75054670168298,77.0,101.37925075249221,84.17956020438045,108.75054670168298,84.0,83.2482990595995,94.5,blend
2021-03-15,20,144.0,125.3172928716379,125.20258717447629,125.36645245613573,144.0,125.3172928716379,125.20258717447629,125.36645245613573,124.0,126.0261323902285,117.0,blend
2021-03-16,20,145.0,139.88338529229932,131.7787963819216,143.35678053960407,145.0,139.88338529229932,131.7787963819216,143.35678053960407,162.0,134.2834368855817,133.5,blend
2021-03-17,20,133.0,140.95588831811244,133.90195018593636,143.9790046604736,133.0,140.95588831811244,133.90195018593636,143.9790046604736,168.0,136.44711888787714,136.5,blend
2021-03-18,20,168.0,129.51974399858133,123.90093442525466,131.92780524429276,168.0,129.51974399858133,123.90093442525466,131.92780524429276,129.0,127.99130898357532,115.5,blend
2021-03-19,20,128.0,135.9668358117345,129.0307203062529,138.9394567426552,128.0,135.9668358117345,129.0307203062529,138.9394567426552,126.0,134.88850869958733,96.5,blend
2021-03-20,20,133.0,114.16870441325199,105.99289650196248,117.67262208951892,133.0,114.16870441325199,105.99289650196248,117.67262208951892,74.0,110.30211288323645,112.5,blend
2021-03-21,20,123.0,111.35808304629664,93.95648447945314,118.81591100351528,123.0,111.35808304629664,93.95648447945314,118.81591100351528,77.0,95.48579651880206,96.0,blend
2021-03-22,20,143.0,140.77281442989107,131.35507470244931,144.8089885987947,143.0,140.77281442989107,131.35507470244931,144.8089885987947,144.0,134.0720267959818,104.5,blend
2021-03-23,20,178.0,150.44484532101976,154.7877519888338,148.58359960624233,178.0,150.44484532101976,154.7877519888338,148.58359960624233,145.0,154.67439107361145,160.5,blend
2021-03-24,20,133.0,161.9783196961106,162.3788630570054,161.80665825572711,133.0,161.9783196961106,162.3788630570054,161.80665825572711,133.0,158.48837254922006,152.5,blend
2021-03-25,20,179.0,155.2450057692309,145.72569583349636,159.32471002740283,179.0,155.2450057692309,145.72569583349636,159.32471002740283,168.0,142.76263399862125,100.0,blend
2021-03-26,20,169.0,153.76251800375752,144.44066447906175,157.75759808577,169.0,153.76251800375752,144.44066447906175,157.75759808577,128.0,142.95934345268583,94.0,blend
2021-03-27,20,96.0,131.66507335435477,120.13909011342831,136.604780457609,96.0,131.66507335435477,120.13909011342831,136.604780457609,133.0,119.9969706163201,97.5,blend
2021-03-28,20,134.0,118.09357662455984,102.14477883851133,124.9287756757235,134.0,118.09357662455984,102.14477883851133,124.9287756757235,123.0,99.36838650854696,87.0,blend
2021-03-29,20,184.0,151.51465303632398,148.76784146274687,152.69185799642844,184.0,151.51465303632398,148.76784146274687,152.69185799642844,143.0,148.8653236170888,91.0,blend
2021-03-30,20,132.0,171.20991495037575,165.62083655607225,173.6052342622201,132.0,171.20991495037575,165.62083655607225,173.6052342622201,178.0,164.57986352885288,101.0,blend
2021-03-31,20,156.0,146.59056013835345,135.94099100048018,151.154661197442,156.0,146.59056013835345,135.94099100048018,151.154661197442,133.0,140.6822738751347,127.5,blend
2021-04-01,20,136.0,178.86708578541294,194.45832656120893,172.18512545292896,136.0,178.86708578541294,194.45832656120893,172.18512545292896,179.0,190.52237329964868,139.0,blend
2021-04-02,20,162.0,148.1277954103464,135.71757492664327,153.44646133193348,162.0,148.1277954103464,135.71757492664327,153.44646133193348,169.0,136.17493278972776,117.0,blend
2021-04-03,20,128.0,133.85309013475438,129.2974497667807,135.80550743531455,128.0,133.85309013475438,129.2974497667807,135.80550743531455,96.0,128.06598659212227,88.0,blend
2021-04-04,20,144.0,123.2971686411689,111.10545887657867,128.52218711170758,144.0,123.2971686411689,111.10545887657867,128.52218711170758,134.0,111.36152104575817,83.0,blend
2021-04-05,20,113.0,165.48864098549316,163.68763866909842,166.2604991210909,113.0,165.48864098549316,163.68763866909842,166.2604991210909,184.0,162.77864187894522,106.0,blend
2021-04-06,20,120.0,142.10158628700856,142.570598539303,141.90058103602522,120.0,142.10158628700856,142.570598539303,141.90058103602522,132.0,144.2733726598979,115.5,blend
2021-04-07,20,150.0,148.03747006571058,144.12501814803994,149.71423517328373,150.0,148.03747006571058,144.12501814803994,149.71423517328373,156.0,144.45339283405136,135.5,blend
2021-04-08,20,175.0,145.36716910606899,143.64947166726526,146.1033251512706,175.0,145.36716910606899,143.64947166726526,146.1033251512706,136.0,144.21650999488986,127.5,blend
2021-04-09,20,187.0,157.7851278075983,144.37235538583874,163.53345884549523,187.0,157.7851278075983,144.37235538583874,163.53345884549523,162.0,148.42765727062246,116.0,blend
2021-04-10,20,105.0,135.09477781663634,123.44795890442458,140.08627163615566,105.0,135.09477781663634,123.44795890442458,140.08627163615566,128.0,132.12077786952258,125.5,blend
2021-04-11,20,143.0,123.36429329659552,108.48631932233725,129.74056785699193,143.0,123.36429329659552,108.48631932233725,129.74056785699193,144.0,107.46631728997642,118.5,blend
2021-04-12,20,176.0,155.51668533059518,163.07945227796623,152.27549949600763,176.0,155.51668533059518,163.07945227796623,152.27549949600763,113.0,161.65012949941476,119.0,blend
2021-04-13,20,215.0,162.20897508911744,159.48961815378757,163.3744137756874,215.0,162.20897508911744,159.48961815378757,163.3744137756874,120.0,164.8972797487553,141.5,blend
2021-04-14,20,206.0,181.7880844916213,189.01949071156946,178.6889103973578,206.0,181.7880844916213,189.01949071156946,178.6889103973578,150.0,187.26106468349838,169.0,blend
2021-04-15,20,181.0,180.89011449043755,184.0336562114737,179.54288232427922,181.0,180.89011449043755,184.0336562114737,179.54288232427922,175.0,189.70567931304294,154.0,blend
2021-04-16,20,153.0,171.60193826518142,171.1571279016996,171.79257127810223,153.0,171.60193826518142,171.1571279016996,171.79257127810223,187.0,168.9282177109887,114.0,blend
2021-04-17,20,154.0,139.14462082339207,138.96305647957476,139.2224341135995,154.0,139.14462082339207,138.96305647957476,139.2224341135995,105.0,139.12194387282986,108.5,blend
2021-04-18,20,161.0,141.55897481541322,142.8213063803201,141.0179755733103,161.0,141.55897481541322,142.8213063803201,141.0179755733103,143.0,144.33516807977279,126.0,blend
2021-04-19,20,189.0,176.22357757535283,179.52469786846976,174.8088117354456,189.0,176.22357757535283,179.52469786846976,174.8088117354456,176.0,179.44118623830994,143.0,blend
2021-04-20,20,210.0,179.9605619338363,182.82338736877557,178.73363674743376,210.0,179.9605619338363,182.82338736877557,178.73363674743376,215.0,179.94898031821867,137.0,blend
2021-04-21,20,260.0,181.57888270646146,184.82710122725425,180.18678905469315,260.0,181.57888270646146,184.82710122725425,180.18678905469315,206.0,181.45263345344324,130.0,blend
2021-04-22,20,227.0,192.3586356387688,205.56973010829853,186.69673800897033,227.0,192.3586356387688,205.56973010829853,186.69673800897033,181.0,204.93944671174725,130.0,blend
2021-04-23,20,180.0,185.45325401504158,201.97208569476643,178.37375472373094,180.0,185.45325401504158,201.97208569476643,178.37375472373094,153.0,199.28448488932293,126.5,blend
2021-04-24,20,96.0,154.27238458144413,158.7654069559572,152.34680356379567,96.0,154.27238458144413,158.7654069559572,152.34680356379567,154.0,157.37168631239365,128.5,blend
2021-04-25,20,145.0,138.2391656539229,131.978750880396,140.92220055686303,145.0,138.2391656539229,131.978750880396,140.92220055686303,161.0,130.1393315665715,110.5,blend
2021-04-26,20,166.0,177.14794219528233,183.81864644245312,174.28906894649487,166.0,177.14794219528233,183.81864644245312,174.28906894649487,189.0,180.58048926019595,113.5,blend
2021-04-27,20,271.0,178.31139380942042,182.99852945265079,176.30262139089314,271.0,178.31139380942042,182.99852945265079,176.30262139089314,210.0,177.39995900923944,136.0,blend
2021-04-28,20,279.0,199.13544769542347,222.96769224360673,188.9216286033449,279.0,199.13544769542347,222.96769224360673,188.9216286033449,260.0,218.44830346753477,127.0,blend
2021-04-29,20,233.0,193.88160792686224,205.96671303216266,188.70227716744782,233.0,193.88160792686224,205.96671303216266,188.70227716744782,227.0,213.75150306269975,126.0,blend
2021-04-30,20,224.0,182.0081416328756,190.67601169374802,178.293340178216,224.0,182.0081416328756,190.67601169374802,178.293340178216,180.0,194.3681880477462,153.5,blend
2021-05-01,21,165.0,184.21631860208655,203.23425922476574,180.86021143337845,165.0,184.21631860208655,203.23425922476574,180.86021143337845,96.0,204.17051230173809,138.0,blend
2021-05-02,21,193.0,157.9949526633737,165.74950539885677,156.6265021806414,193.0,157.9949526633737,165.74950539885677,156.6265021806414,145.0,165.58676567309982,111.0,blend
2021-05-03,21,225.0,225.48488757226409,208.1029867798523,228.5522818297485,225.0,225.48488757226409,208.1029867798523,228.5522818297485,166.0,208.17790154942344,129.5,blend
2021-05-04,21,277.0,224.6648589470281,217.7605514342523,225.88326615516502,277.0,224.6648589470281,217.7605514342523,225.88326615516502,271.0,217.83546620382344,149.5,blend
2021-05-05,21,268.0,235.8194667165282,241.72766371161484,234.7768437173953,268.0,235.8194667165282,241.72766371161484,234.7768437173953,279.0,241.82875909984796,142.0,blend
2021-05-06,21,276.0,231.07273435271523,233.4237725638548,230.6578452566318,276.0,231.07273435271523,233.4237725638548,230.6578452566318,233.0,233.98713043384748,148.5,blend
2021-05-07,21,157.0,224.38265928207852,234.5507496281675,222.5882903974746,157.0,224.38265928207852,234.5507496281675,222.5882903974746,224.0,234.90152324326937,171.0,blend
2021-05-08,21,147.0,158.92805814292618,158.72818580802428,158.9633297314383,147.0,158.92805814292618,158.72818580802428,158.9633297314383,165.0,159.13269312886987,168.5,blend
2021-05-09,21,177.0,164.04752357970523,163.93244775516942,164.06783107815272,177.0,164.04752357970523,163.93244775516942,164.06783107815272,193.0,163.9579526359533,169.5,blend
2021-05-10,21,205.0,219.2980386464205,206.35770872114566,221.58162628029254,205.0,219.2980386464205,206.35770872114566,221.58162628029254,225.0,206.52545356592984,187.5,blend
2021-05-11,21,285.0,228.77504864688206,236.98104202219434,227.32693216888578,285.0,228.77504864688206,236.98104202219434,227.32693216888578,277.0,237.08213741042746,216.0,blend
2021-05-12,21,197.0,238.59676459808952,259.6019946789346,234.8899592897051,197.0,238.59676459808952,259.6019946789346,234.8899592897051,268.0,259.74203753930755,232.5,blend
2021-05-13,21,241.0,217.1472620363586,209.19526908235974,218.5505549105937,241.0,217.1472620363586,209.19526908235974,218.5505549105937,276.0,209.38854513012333,208.5,blend
2021-05-14,21,253.0,210.91155525899453,205.50531497620494,211.86559766183976,253.0,210.91155525899453,205.50531497620494,211.86559766183976,157.0,205.77269597051588,205.0,blend
2021-05-15,21,236.0,179.8960001883808,182.50372802308965,179.4358129234322,236.0,179.8960001883808,182.50372802308965,179.4358129234322,147.0,182.67686930675922,175.0,blend
2021-05-16,21,163.0,178.86265577715218,193.2733868407195,176.31958558946386,163.0,178.86265577715218,193.2733868407195,176.31958558946386,177.0,193.32507234016535,142.0,blend
2021-05-17,21,249.0,212.55326461957247,207.1138263149798,213.51316549685353,249.0,212.55326461957247,207.1138263149798,213.51316549685353,205.0,207.5930103656791,188.0,blend
2021-05-18,21,244.0,220.40300806898122,233.84761028305437,218.0304312076742,244.0,220.40300806898122,233.84761028305437,218.0304312076742,285.0,233.94870567128748,191.5,blend
2021-05-19,21,269.0,209.82432868198796,228.36623622670817,206.55222735056677,269.0,209.82432868198796,228.36623622670817,206.55222735056677,197.0,228.79860836668144,161.5,blend
2021-05-20,21,278.0,217.62899917163165,243.44648477965276,213.0729722996279,278.0,217.62899917163165,243.44648477965276,213.0729722996279,241.0,244.63711994596454,178.0,blend
2021-05-21,21,230.0,214.02028045648012,222.3863427321516,212.5439165254793,230.0,214.02028045648012,222.3863427321516,212.5439165254793,253.0,222.5952082488689,175.5,blend
2021-05-22,21,203.0,165.31628271331815,179.61058897035028,162.79375807972426,203.0,165.31628271331815,179.61058897035028,162.79375807972426,236.0,179.7116843585834,179.0,blend
2021-05-23,21,226.0,169.23095659448782,174.87972478625807,168.2341151488813,226.0,169.23095659448782,174.87972478625807,168.2341151488813,163.0,174.90522966704194,188.5,blend
2021-05-24,21,307.0,217.68003897305465,227.4739664959028,215.95169882196382,307.0,217.68003897305465,227.4739664959028,215.95169882196382,249.0,227.36063665893312,207.5,blend
2021-05-25,21,257.0,224.0624157412558,281.4116157436439,213.94196868201084,257.0,224.0624157412558,281.4116157436439,213.94196868201084,244.0,281.89218102507226,232.0,blend
2021-05-26,21,309.0,229.61974497762048,248.7110863254647,226.25068473976563,309.0,229.61974497762048,248.7110863254647,226.25068473976563,269.0,248.614531440206,202.5,blend
2021-05-27,21,273.0,235.65534000576704,270.4692161376143,229.5117148060293,273.0,235.65534000576704,270.4692161376143,229.5117148060293,278.0,270.52846782604814,185.5,blend
2021-05-28,21,227.0,220.08807747668035,243.51921505497444,215.9531708452167,227.0,220.08807747668035,243.51921505497444,215.9531708452167,230.0,243.67601327919704,219.5,blend
2021-05-29,21,257.0,182.53745814437673,213.95141897420646,176.99381799793622,257.0,182.53745814437673,213.95141897420646,176.99381799793622,203.0,214.1093992135012,230.5,blend
2021-05-30,21,200.0,188.23042891231086,210.67493055859342,184.26963450414337,200.0,188.23042891231086,210.67493055859342,184.26963450414337,226.0,210.82244838124075,193.0,blend
2021-05-31,21,187.0,219.37362188289302,237.1316420351943,216.2398536207222,187.0,219.37362188289302,237.1316420351943,216.2398536207222,307.0,237.4178853712542,204.5,blend
2021-06-01,21,121.0,218.88933457114865,261.8568393146533,211.3068337340596,121.0,218.88933457114865,261.8568393146533,211.3068337340596,257.0,261.99688217502626,232.0,blend
2021-06-02,21,159.0,190.01156075583174,200.45359343441888,188.16884910666928,159.0,190.01156075583174,200.45359343441888,188.16884910666928,309.0,200.90274052610314,202.5,blend
2021-06-03,21,104.0,185.4729514199144,202.2993202826035,182.50359220885164,104.0,185.4729514199144,202.2993202826035,182.50359220885164,273.0,202.62451109080325,162.5,blend
2021-06-04,21,89.0,144.18695331878277,140.35019349830438,144.86402858122014,89.0,144.18695331878277,140.35019349830438,144.86402858122014,227.0,140.98238537322788,166.5,blend
2021-06-05,21,78.0,119.38355855665478,123.69367921412326,118.62294902886623,78.0,119.38355855665478,123.69367921412326,118.62294902886623,257.0,123.74647860851896,184.5,blend
2021-06-06,21,89.0,105.15697502637062,92.03303550554628,107.47296435357492,89.0,105.15697502637062,92.03303550554628,107.47296435357492,200.0,92.25956751752662,191.5,blend
2021-06-07,21,121.0,117.18019166530368,134.4985533625064,114.12401018932673,121.0,117.18019166530368,134.4985533625064,114.12401018932673,187.0,134.68275714677495,222.5,blend
2021-06-08,21,156.0,128.12410337801973,137.70602232186198,126.43317650557698,156.0,128.12410337801973,137.70602232186198,126.43317650557698,121.0,137.93428221380688,250.5,blend
2021-06-09,21,117.0,147.30257451750558,144.985157591253,147.7115304456678,117.0,147.30257451750558,144.985157591253,147.7115304456678,159.0,145.3914351865956,244.5,blend
2021-06-10,21,76.0,122.17739900256123,123.15857569194496,122.00425017502292,76.0,122.17739900256123,123.15857569194496,122.00425017502292,104.0,123.42483126384946,210.5,blend
2021-06-11,21,133.0,109.67074267344256,107.08765806817196,110.1265811331962,133.0,109.67074267344256,107.08765806817196,110.1265811331962,89.0,107.27186185244048,225.0,blend
2021-06-12,21,109.0,107.34025304713029,106.01135260212602,107.57476489036634,109.0,107.34025304713029,106.01135260212602,107.57476489036634,78.0,106.28388932286005,208.0,blend
2021-06-13,21,109.0,97.89031416038827,76.30328207006329,101.69979041162209,109.0,97.89031416038827,76.30328207006329,101.69979041162209,89.0,76.5988242048123,136.0,blend
2021-06-14,21,141.0,136.98743296719866,139.29417240922854,136.5803613009581,141.0,136.98743296719866,139.29417240922854,136.5803613009581,121.0,139.72915985198597,203.0,blend
2021-06-15,21,122.0,132.6070397525435,126.96543911097473,133.60261633634974,122.0,132.6070397525435,126.96543911097473,133.60261633634974,156.0,127.47552578827919,272.0,blend
2021-06-16,21,174.0,130.29366572961865,125.90218917755656,131.06863217998256,174.0,130.29366572961865,125.90218917755656,131.06863217998256,117.0,126.33446588824917,247.5,blend
2021-06-17,21,135.0,146.8046715993302,140.51673258420843,147.91430789611638,135.0,146.8046715993302,140.51673258420843,147.91430789611638,76.0,140.8053820610022,239.5,blend
2021-06-18,21,116.0,126.70689005877728,117.23593792388486,128.37823455317005,116.0,126.70689005877728,117.23593792388486,128.37823455317005,133.0,117.50781244896763,207.0,blend
2021-06-19,21,116.0,102.47515727934724,101.69165967444376,102.61342156256552,116.0,102.47515727934724,101.69165967444376,102.61342156256552,109.0,102.08965177935491,169.5,blend
2021-06-20,21,89.0,99.05168905657497,90.25180925193699,100.60460902209932,89.0,99.05168905657497,90.25180925193699,100.60460902209932,109.0,90.56144399592104,131.5,blend
2021-06-21,21,135.0,126.06636499410475,145.78560894145173,122.58649841516117,135.0,126.06636499410475,145.78560894145173,122.58649841516117,141.0,145.96981272572026,195.5,blend
2021-06-22,21,121.0,134.65503521023896,139.95717497880273,133.7193634863748,121.0,134.65503521023896,139.95717497880273,133.7193634863748,122.0,140.38048808771777,245.5,blend
2021-06-23,21,144.0,131.04300224678613,139.33650133615703,129.579443583956,144.0,131.04300224678613,139.33650133615703,129.579443583956,174.0,139.73529110509628,208.0,blend
2021-06-24,21,110.0,132.31363534608644,135.8995731887308,131.6808227856198,110.0,132.31363534608644,135.8995731887308,131.6808227856198,135.0,136.38783288513568,240.0,blend
2021-06-25,21,135.0,120.46461965575907,114.28627131766596,121.55491642130491,135.0,120.46461965575907,114.28627131766596,121.55491642130491,116.0,114.48836141290045,224.5,blend
2021-06-26,21,72.0,111.00033898241747,125.87304979646608,108.37574295640889,72.0,111.00033898241747,125.87304979646608,108.37574295640889,116.0,126.05836493998956,210.0,blend
2021-06-27,21,92.0,89.31780230274994,81.14576928540818,90.75992577639849,92.0,89.31780230274994,81.14576928540818,90.75992577639849,89.0,81.41141785062783,177.5,blend
2021-06-28,21,139.0,126.25472079677203,128.98077971945588,125.77365157512196,139.0,126.25472079677203,128.98077971945588,125.77365157512196,135.0,129.14157152300356,153.0,blend
2021-06-29,21,148.0,125.8287861001271,127.58053099233389,125.51965464856121,148.0,125.8287861001271,127.58053099233389,125.51965464856121,121.0,127.78150972831341,205.5,blend
2021-06-30,21,169.0,134.49915620854017,125.33653670809306,136.11608906156027,169.0,134.49915620854017,125.33653670809306,136.11608906156027,144.0,125.61862284363694,185.0,blend
2021-07-01,22,137.0,153.2356437526206,152.46800777326646,153.86370955391035,137.0,153.2356437526206,152.46800777326646,153.86370955391035,110.0,150.42320021956684,138.5,blend
2021-07-02,22,132.0,117.24606141255673,108.54527131295909,124.36488967586388,132.0,117.24606141255673,108.54527131295909,124.36488967586388,135.0,113.10082337386359,98.0,blend
2021-07-03,22,102.0,100.3359630957998,91.0541669868779,107.93015991219045,102.0,100.3359630957998,91.0541669868779,107.93015991219045,72.0,99.04563284982495,83.5,blend
2021-07-04,22,96.0,85.96851126417397,66.93942559865194,101.53776317232837,96.0,85.96851126417397,66.93942559865194,101.53776317232837,92.0,81.7114382179692,80.5,blend
2021-07-05,22,86.0,129.36156709725978,128.1678552647264,130.3382404147871,86.0,129.36156709725978,128.1678552647264,130.3382404147871,139.0,129.69296718339214,70.5,blend
2021-07-06,22,67.0,107.91431289697996,102.29152320039736,112.5147771941839,67.0,107.91431289697996,102.29152320039736,112.5147771941839,148.0,117.54064639537856,70.5,blend
2021-07-07,22,61.0,102.00676073170294,91.72746752006329,110.41709154122628,61.0,102.00676073170294,91.72746752006329,110.41709154122628,169.0,108.14303717349216,81.0,blend
2021-07-08,22,63.0,91.08640116814095,77.27196527928561,102.38912144084077,63.0,91.08640116814095,77.27196527928561,102.38912144084077,137.0,84.217368924417,112.0,blend
2021-07-09,22,101.0,91.94155643329412,85.05376758623576,97.57702003543275,101.0,91.94155643329412,85.05376758623576,97.57702003543275,132.0,83.42790353849263,115.5,blend
2021-07-10,22,88.0,85.39765504648969,79.8449573012893,89.94077138347183,88.0,85.39765504648969,79.8449573012893,89.94077138347183,102.0,68.74374672136628,104.0,blend
2021-07-11,22,84.0,77.94992535493773,68.46498227162431,85.71033333219417,84.0,77.94992535493773,68.46498227162431,85.71033333219417,96.0,61.66077993006637,86.0,blend
2021-07-12,22,110.0,102.06767348955098,100.1353183664134,103.64869131757263,110.0,102.06767348955098,100.1353183664134,103.64869131757263,86.0,105.4501422874797,103.0,blend
2021-07-13,22,110.0,107.58109386266983,103.70321174640343,110.75390650325141,110.0,107.58109386266983,103.70321174640343,110.75390650325141,67.0,101.37653978086718,110.0,blend
2021-07-14,22,91.0,111.997869350484,113.62728713576854,110.66470934434207,91.0,111.997869350484,113.62728713576854,110.66470934434207,61.0,117.45460888306684,124.0,blend
2021-07-15,22,105.0,103.34453245335766,102.01729346040675,104.43045526577205,105.0,103.34453245335766,102.01729346040675,104.43045526577205,63.0,102.9231185778363,151.5,blend
2021-07-16,22,123.0,104.04312426619316,105.11400785258364,103.16694678641912,123.0,104.04312426619316,105.11400785258364,103.16694678641912,101.0,97.36115270465764,114.0,blend
2021-07-17,22,103.0,96.49805484558146,97.11646079842242,95.99208633871157,103.0,96.49805484558146,97.11646079842242,95.99208633871157,88.0,90.320703360118,84.0,blend
2021-07-18,22,120.0,88.12328339201832,85.71495258995947,90.09373586643011,120.0,88.12328339201832,85.71495258995947,90.09373586643011,84.0,79.5753149253488,82.5,blend
2021-07-19,22,120.0,110.4926121174742,111.05867002912902,110.02947382612024,120.0,110.4926121174742,111.05867002912902,110.02947382612024,110.0,127.26227551801082,98.5,blend
2021-07-20,22,135.0,110.56417159066228,106.89173622395343,113.56889143615132,135.0,110.56417159066228,106.89173622395343,113.56889143615132,110.0,114.3503210468598,101.5,blend
2021-07-21,22,53.0,118.12354371914772,115.05134252025985,120.63716288187413,53.0,118.12354371914772,115.05134252025985,120.63716288187413,91.0,120.09459886161711,99.0,blend
2021-07-22,22,77.0,101.74561865291827,97.3975516957866,105.30312798148053,77.0,101.74561865291827,97.3975516957866,105.30312798148053,105.0,90.68813865788432,125.5,blend
2021-07-23,22,124.0,97.82389236623919,100.73507460611117,95.4420159881621,124.0,97.82389236623919,100.73507460611117,95.4420159881621,123.0,96.51760754963396,126.5,blend
2021-07-24,22,156.0,94.43693941322775,94.38330763158795,94.48081996184212,156.0,94.43693941322775,94.38330763158795,94.48081996184212,103.0,85.10254511261041,112.5,blend
2021-07-25,22,141.0,106.3339693242554,109.06748851570246,104.09745362216236,141.0,106.3339693242554,109.06748851570246,104.09745362216236,120.0,104.8645355335322,99.5,blend
2021-07-26,22,130.0,133.09182228726885,136.01900157439152,130.69685741598664,130.0,133.09182228726885,136.01900157439152,130.69685741598664,120.0,146.6551832532383,110.5,blend
2021-07-27,22,128.0,133.9034945166984,140.91666970388985,128.1654420908145,128.0,133.9034945166984,140.91666970388985,128.1654420908145,135.0,136.06665769718154,131.5,blend
2021-07-28,22,161.0,124.00959034497646,124.93771710894545,123.25021390172911,161.0,124.00959034497646,124.93771710894545,123.25021390172911,53.0,123.95518572845425,134.5,blend
2021-07-29,22,146.0,133.85444602368636,134.1768359187226,133.59067247320218,146.0,133.85444602368636,134.1768359187226,133.59067247320218,77.0,138.10814464255924,128.5,blend
2021-07-30,22,173.0,135.54241661529534,138.26569966196348,133.31427594074864,173.0,135.54241661529534,138.26569966196348,133.31427594074864,124.0,141.4374139826427,114.5,blend
2021-07-31,22,152.0,128.01632494141114,124.22757638806127,131.11621012142467,152.0,128.01632494141114,124.22757638806127,131.11621012142467,156.0,126.11270629539649,87.5,blend
2021-08-01,22,98.0,138.39643932852374,141.03090652939852,136.24096616417165,98.0,138.39643932852374,141.03090652939852,136.24096616417165,141.0,140.72076482811747,69.0,blend
2021-08-02,22,170.0,143.60431623983334,146.73249354248327,141.04489844675612,170.0,143.60431623983334,146.73249354248327,141.04489844675612,130.0,136.33844793369752,101.0,blend
2021-08-03,22,82.0,152.44532860826223,143.37095607313265,159.86981522791368,82.0,152.44532860826223,143.37095607313265,159.86981522791368,128.0,146.79541128302677,118.0,blend
2021-08-04,22,44.0,120.24489520605138,106.76593850732988,131.27313250500532,44.0,120.24489520605138,106.76593850732988,131.27313250500532,161.0,104.09849476591364,92.0,blend
2021-08-05,22,91.0,100.7486975298132,85.33866370372924,113.35690702388187,91.0,100.7486975298132,85.33866370372924,113.35690702388187,146.0,91.32463995425428,106.5,blend
2021-08-06,22,177.0,99.0166896283342,92.35908961259538,104.4638169139387,177.0,99.0166896283342,92.35908961259538,104.4638169139387,173.0,96.32951717006259,117.0,blend
2021-08-07,22,99.0,120.66799559583254,113.22222720407007,126.75998791636547,99.0,120.66799559583254,113.22222720407007,126.75998791636547,152.0,114.80894768203683,93.0,blend
2021-08-08,22,142.0,100.71628369509503,97.40071841252967,103.42901892628485,142.0,100.71628369509503,97.40071841252967,103.42901892628485,98.0,90.99553950383583,86.0,blend
2021-08-09,22,157.0,141.08525239063857,147.94285222851457,135.4744888869218,157.0,141.08525239063857,147.94285222851457,135.4744888869218,170.0,138.75488761427812,69.5,blend
2021-08-10,22,111.0,131.42750799981047,130.9097385109086,131.85113758163925,111.0,131.42750799981047,130.9097385109086,131.85113758163925,82.0,130.4887322344381,76.0,blend
2021-08-11,22,114.0,120.05093103837521,116.00750505963133,123.35918865734746,114.0,120.05093103837521,116.00750505963133,123.35918865734746,44.0,117.58475568990475,106.5,blend
2021-08-12,22,150.0,128.318651102982,124.21247563618603,131.67824921217868,150.0,128.318651102982,124.21247563618603,131.67824921217868,91.0,121.25982028780668,99.5,blend
2021-08-13,22,180.0,145.25723028771904,145.80651545115197,144.8078151540012,180.0,145.25723028771904,145.80651545115197,144.8078151540012,177.0,136.49841345085417,86.5,blend
2021-08-14,22,104.0,133.36386790772178,136.98145992662185,130.40401989225805,104.0,133.36386790772178,136.98145992662185,130.40401989225805,99.0,132.35585684560454,98.0,blend
2021-08-15,22,111.0,111.33161400441325,111.43996852992547,111.24296030172144,111.0,111.33161400441325,111.43996852992547,111.24296030172144,142.0,107.63149162761832,105.0,blend
2021-08-16,22,201.0,144.56109846126532,149.01012233264777,140.92098802104329,201.0,144.56109846126532,149.01012233264777,140.92098802104329,157.0,143.18701865276824,102.5,blend
2021-08-17,22,191.0,154.24745330147869,151.27681087414825,156.6779789238399,191.0,154.24745330147869,151.27681087414825,156.6779789238399,111.0,153.0975579417347,103.5,blend
2021-08-18,22,114.0,157.4833028190643,151.63936640621392,162.26470533866916,114.0,157.4833028190643,151.63936640621392,162.26470533866916,114.0,144.79229602384112,96.0,blend
2021-08-19,22,133.0,147.08320873571674,140.32907028282742,152.60932201535343,133.0,147.08320873571674,140.32907028282742,152.60932201535343,150.0,133.55106852288165,88.0,blend
2021-08-20,22,122.0,145.16438037692686,142.02526969552068,147.73274366171373,122.0,145.16438037692686,142.02526969552068,147.73274366171373,180.0,141.4125282247631,95.5,blend
2021-08-21,22,138.0,107.43848858118471,105.10980504502749,109.3437751107679,138.0,107.43848858118471,105.10980504502749,109.3437751107679,104.0,108.35264512885684,87.5,blend
2021-08-22,22,123.0,117.10856870937153,117.61049517493684,116.69790160118173,123.0,117.10856870937153,117.61049517493684,116.69790160118173,111.0,120.43772041410058,83.0,blend
2021-08-23,22,219.0,156.27745883212629,157.44558123090616,155.3217223240336,219.0,156.27745883212629,157.44558123090616,155.3217223240336,201.0,156.08778071950385,82.5,blend
2021-08-24,22,141.0,179.62838458818382,177.25870675791128,181.56721190386133,141.0,179.62838458818382,177.25870675791128,181.56721190386133,191.0,171.9894809658892,91.5,blend
2021-08-25,22,174.0,144.00982449148853,142.8980363558322,144.91946932975276,174.0,144.00982449148853,142.8980363558322,144.91946932975276,114.0,143.2337282847682,115.5,blend
2021-08-26,22,171.0,166.83081378405709,166.72276255073322,166.91921933859476,171.0,166.83081378405709,166.72276255073322,166.91921933859476,133.0,161.07644871955173,111.0,blend
2021-08-27,22,132.0,155.91301295955697,160.63499708807473,152.04957139986055,132.0,155.91301295955697,160.63499708807473,152.04957139986055,122.0,164.1695972541798,124.0,blend
2021-08-28,22,146.0,129.1945494495311,137.20181831953406,122.64314764680138,146.0,129.1945494495311,137.20181831953406,122.64314764680138,138.0,125.22259100488212,121.0,blend
2021-08-29,22,152.0,122.5799093198278,123.03751884686797,122.20550152497674,152.0,122.5799093198278,123.03751884686797,122.20550152497674,123.0,122.1250723534162,99.5,blend
2021-08-30,22,168.0,183.88258816011142,189.52268102075152,179.26796672867857,168.0,183.88258816011142,189.52268102075152,179.26796672867857,219.0,177.38496657207554,96.5,blend
2021-08-31,22,173.0,157.6431601268302,151.5422614879484,162.63480446773346,173.0,157.6431601268302,151.5422614879484,162.63480446773346,141.0,149.81526498247595,99.5,blend
2021-09-01,23,157.0,155.37004678311638,160.82450999343206,150.9073041564944,157.0,155.37004678311638,160.82450999343206,150.9073041564944,174.0,162.74649742698162,118.5,blend
2021-09-02,23,151.0,149.3703189072845,146.37641499171943,151.81987665638317,151.0,149.3703189072845,146.37641499171943,151.81987665638317,171.0,145.65770592560173,130.5,blend
2021-09-03,23,174.0,141.01002917694646,138.30421805508342,143.22387464028893,174.0,141.01002917694646,138.30421805508342,143.22387464028893,132.0,141.11799824310663,142.0,blend
2021-09-04,23,120.0,134.1397444155389,128.4350465497964,138.80722448751004,120.0,134.1397444155389,128.4350465497964,138.80722448751004,146.0,130.1649827853127,134.0,blend
2021-09-05,23,91.0,122.55161476174496,106.9228140523752,135.33881534213836,91.0,122.55161476174496,106.9228140523752,135.33881534213836,152.0,115.4162183678731,100.0,blend
2021-09-06,23,177.0,143.80336656724273,143.4577158027229,144.08617173821347,177.0,143.80336656724273,143.4577158027229,144.08617173821347,168.0,148.04852317721975,81.0,blend
2021-09-07,23,146.0,152.45566688286652,152.06327443018108,152.77671525324553,146.0,152.45566688286652,152.06327443018108,152.77671525324553,173.0,153.9572893696038,93.0,blend
2021-09-08,23,177.0,146.99128140233836,144.3790154236863,149.1285899303264,177.0,146.99128140233836,144.3790154236863,149.1285899303264,157.0,145.17097123652962,117.0,blend
2021-09-09,23,186.0,156.02164856674023,160.53144893104084,152.3318119050397,186.0,156.02164856674023,160.53144893104084,152.3318119050397,151.0,160.4429986602845,120.0,blend
2021-09-10,23,156.0,155.12723243232807,159.08796350761804,151.88663427981805,156.0,155.12723243232807,159.08796350761804,151.88663427981805,174.0,152.5892346871696,127.0,blend
2021-09-11,23,95.0,130.7139691630382,124.65915326960926,135.66790943948007,95.0,130.7139691630382,124.65915326960926,135.66790943948007,120.0,124.85161768792963,123.5,blend
2021-09-12,23,96.0,119.45070809639667,104.83653932390729,131.40775527388797,96.0,119.45070809639667,104.83653932390729,131.40775527388797,91.0,102.35827131069212,117.0,blend
2021-09-13,23,133.0,148.17490180608024,150.44996888940415,146.31348328336065,133.0,148.17490180608024,150.44996888940415,146.31348328336065,177.0,148.48526162695197,135.5,blend
2021-09-14,23,170.0,147.7912769822186,150.24992567956517,145.7796553207532,170.0,147.7912769822186,150.24992567956517,145.7796553207532,146.0,148.75798494844497,146.5,blend
2021-09-15,23,157.0,153.02707539619126,151.20759066300016,154.5157447233476,157.0,153.02707539619126,151.20759066300016,154.5157447233476,177.0,150.88027554578593,123.0,blend
2021-09-16,23,76.0,149.4163341083551,145.32075505674769,152.7672624233066,76.0,149.4163341083551,145.32075505674769,152.7672624233066,186.0,145.1731293078749,95.0,blend
2021-09-17,23,68.0,116.47175959072098,92.05207722175572,136.45149971078345,68.0,116.47175959072098,92.05207722175572,136.45149971078345,156.0,100.3580104482133,89.0,blend
2021-09-18,23,78.0,99.4593301010259,70.856729023408,122.86145825544054,78.0,99.4593301010259,70.856729023408,122.86145825544054,95.0,76.35977846688209,95.5,blend
2021-09-19,23,35.0,96.66232068517391,67.34544381480718,120.64885630638304,35.0,96.66232068517391,67.34544381480718,120.64885630638304,96.0,65.6636156876371,110.0,blend
2021-09-20,23,110.0,117.41162738725882,105.90467917518842,126.82640319713457,110.0,117.41162738725882,105.90467917518842,126.82640319713457,133.0,104.10319244385869,94.5,blend
2021-09-21,23,107.0,122.29248196418439,110.8112350449199,131.6862294435826,107.0,122.29248196418439,110.8112350449199,131.6862294435826,170.0,113.17083306815927,93.0,blend
2021-09-22,23,92.0,119.70482369403206,106.83845460657801,130.23185294740355,92.0,119.70482369403206,106.83845460657801,130.23185294740355,157.0,113.00137444610014,129.5,blend
2021-09-23,23,54.0,112.62842861455727,96.73248922216877,125.63419720832968,54.0,112.62842861455727,96.73248922216877,125.63419720832968,76.0,99.42101756033304,149.0,blend
2021-09-24,23,68.0,99.80870014317823,70.11328677346569,124.10494744567029,68.0,99.80870014317823,70.11328677346569,124.10494744567029,68.0,74.1542194106989,157.5,blend
2021-09-25,23,77.0,89.08695873670521,54.06062811686468,117.74486560748382,77.0,89.08695873670521,54.06062811686468,117.74486560748382,78.0,51.91985385100274,122.5,blend
2021-09-26,23,82.0,92.43048765375404,61.64757357753356,117.6165082615708,82.0,92.43048765375404,61.64757357753356,117.6165082615708,35.0,55.075909685256676,102.5,blend
2021-09-27,23,115.0,115.41516001391227,105.32961581764148,123.66696890177016,115.0,115.41516001391227,105.32961581764148,123.66696890177016,110.0,102.61244193108062,130.0,blend
2021-09-28,23,98.0,122.30625059706055,117.40648338988134,126.31515103929809,98.0,122.30625059706055,117.40648338988134,126.31515103929809,107.0,118.34962004121198,116.5,blend
2021-09-29,23,110.0,113.97661429351858,100.49026596588921,125.01089928885169,110.0,113.97661429351858,100.49026596588921,125.01089928885169,92.0,103.22249587952972,103.0,blend
2021-09-30,23,110.0,105.90545732275993,83.33619026168007,124.37122128182527,110.0,105.90545732275993,83.33619026168007,124.37122128182527,54.0,84.0537678914946,101.0,blend
2021-10-01,23,63.0,118.64500553019033,112.7314098634402,123.48340198480408,63.0,118.64500553019033,112.7314098634402,123.48340198480408,68.0,112.22842886615453,99.0,blend
2021-10-02,23,98.0,93.44531642550201,65.29022099258282,116.48130359789042,98.0,93.44531642550201,65.29022099258282,116.48130359789042,77.0,62.89833516196248,95.0,blend
2021-10-03,23,95.0,92.00333823571879,60.90385571352769,117.44836939023878,95.0,92.00333823571879,60.90385571352769,117.44836939023878,82.0,59.082546913656586,94.0,blend
2021-10-04,23,122.0,116.24211315152556,107.05349371429023,123.76007450926355,122.0,116.24211315152556,107.05349371429023,123.76007450926355,115.0,112.05819445396199,118.5,blend
2021-10-05,23,109.0,122.01611656015723,117.58593646960318,125.64080936151962,109.0,122.01611656015723,117.58593646960318,125.64080936151962,98.0,117.56779567061493,124.0,blend
2021-10-06,23,127.0,121.72070019772418,117.94151916788981,124.81275740395229,127.0,121.72070019772418,117.94151916788981,124.81275740395229,110.0,113.38744543064156,113.5,blend
2021-10-07,23,87.0,117.08019901883489,106.43212953436901,125.79225586976153,87.0,117.08019901883489,106.43212953436901,125.79225586976153,110.0,108.08614285736792,105.5,blend
2021-10-08,23,81.0,104.15602784228163,82.7681266878581,121.65521969590088,81.0,104.15602784228163,82.7681266878581,121.65521969590088,63.0,86.02320051404985,98.5,blend
2021-10-09,23,75.0,98.78457683596164,77.57409840689392,116.13860464156248,75.0,98.78457683596164,77.57409840689392,116.13860464156248,98.0,73.73881863039598,90.0,blend
2021-10-10,23,73.0,93.74472800485086,66.15678640290213,116.31668022462708,73.0,93.74472800485086,66.15678640290213,116.31668022462708,95.0,63.38976696623335,60.0,blend
2021-10-11,23,89.0,112.21101544202273,99.39118269518971,122.69996950761336,89.0,112.21101544202273,99.39118269518971,122.69996950761336,122.0,101.2240559936294,68.0,blend
2021-10-12,23,122.0,111.9598150810522,99.34295631192711,122.2826995285182,122.0,111.9598150810522,99.34295631192711,122.2826995285182,109.0,104.81614733958207,104.5,blend
2021-10-13,23,77.0,119.54194769355288,112.7139946719752,125.12845471120733,77.0,119.54194769355288,112.7139946719752,125.12845471120733,127.0,112.99971010732304,104.5,blend
2021-10-14,23,123.0,103.73792728403964,80.97079328201998,122.36558237660117,123.0,103.73792728403964,80.97079328201998,122.36558237660117,87.0,79.1144012291048,85.0,blend
2021-10-15,23,106.0,107.3783061167257,87.1992455959652,123.88844654280246,106.0,107.3783061167257,87.1992455959652,123.88844654280246,81.0,86.66392273075766,93.0,blend
2021-10-16,23,83.0,98.13594851643572,75.30452835929094,116.81620137228144,83.0,98.13594851643572,75.30452835929094,116.81620137228144,75.0,78.51198983665694,94.0,blend
2021-10-17,23,80.0,96.19909344052336,72.28889567405056,115.76198252218289,80.0,96.19909344052336,72.28889567405056,115.76198252218289,73.0,68.7375689589476,102.0,blend
2021-10-18,23,124.0,117.09948772652467,110.27256938710866,122.68514818604685,124.0,117.09948772652467,110.27256938710866,122.68514818604685,89.0,109.33537216383206,123.0,blend
2021-10-19,23,101.0,121.51101827417132,117.1354956938002,125.09099129447496,101.0,121.51101827417132,117.1354956938002,125.09099129447496,122.0,114.22775974127046,95.5,blend
2021-10-20,23,124.0,115.47968885577066,104.99085148163147,124.06146488915726,124.0,115.47968885577066,104.99085148163147,124.06146488915726,77.0,106.26949977309049,104.0,blend
2021-10-21,23,118.0,117.54279955460478,108.08861487838674,125.27804156241953,118.0,117.54279955460478,108.08861487838674,125.27804156241953,123.0,107.99610507183544,115.5,blend
2021-10-22,23,94.0,111.67364370913708,96.2968825421532,124.25463011848754,94.0,111.67364370913708,96.2968825421532,124.25463011848754,106.0,98.63660725559012,103.0,blend
2021-10-23,23,81.0,100.57510183974011,80.61499889610327,116.90609515726118,81.0,100.57510183974011,80.61499889610327,116.90609515726118,83.0,79.51154816683133,100.5,blend
2021-10-24,23,100.0,96.58251635068217,71.95388769627698,116.73321252246824,100.0,96.58251635068217,71.95388769627698,116.73321252246824,80.0,73.12546885952109,65.0,blend
2021-10-25,23,107.0,119.88049225663791,114.83253693345884,124.01063752105713,107.0,119.88049225663791,114.83253693345884,124.01063752105713,124.0,113.49150330623567,66.5,blend
2021-10-26,23,81.0,119.70529995323662,113.89596994705518,124.45838814011233,81.0,119.70529995323662,113.89596994705518,124.45838814011233,101.0,113.27633672612475,102.5,blend
2021-10-27,23,122.0,113.02922592355345,101.03774634691746,122.84043648625561,122.0,113.02922592355345,101.03774634691746,122.84043648625561,124.0,100.96482258653023,115.5,blend
2021-10-28,23,142.0,120.72880448151194,114.97797547096354,125.43402821741518,142.0,120.72880448151194,114.97797547096354,125.43402821741518,118.0,114.89575710789475,123.5,blend
2021-10-29,23,89.0,116.32254883946479,104.51154137166549,125.98610040402781,89.0,116.32254883946479,104.51154137166549,125.98610040402781,94.0,105.34104440056768,117.0,blend
2021-10-30,23,84.0,103.66804017485961,88.36342279197935,116.18999985176163,84.0,103.66804017485961,88.36342279197935,116.18999985176163,81.0,84.85419289066168,95.0,blend
2021-10-31,23,82.0,95.80264436201892,70.92674158204078,116.15565572745557,82.0,95.80264436201892,70.92674158204078,116.15565572745557,100.0,69.28551244144467,81.0,blend
2021-11-01,24,106.0,118.44767100006817,124.35843265247401,100.71538604285061,106.0,118.44767100006817,124.35843265247401,100.71538604285061,107.0,129.75932308285255,101.5,blend
2021-11-02,24,77.0,103.7541751176358,104.59225933557482,101.23992246381867,77.0,103.7541751176358,104.59225933557482,101.23992246381867,81.0,112.36953444800164,101.5,blend
2021-11-03,24,106.0,105.89847388176945,108.11714135657498,99.24247145735286,106.0,105.89847388176945,108.11714135657498,99.24247145735286,122.0,108.31533786658355,80.0,blend
2021-11-04,24,99.0,105.30849671785879,105.42902864980277,104.9469009220268,99.0,105.30849671785879,105.42902864980277,104.9469009220268,142.0,105.80128685447835,82.5,blend
2021-11-05,24,85.0,91.22505583212629,88.59971441832313,99.10108007353577,85.0,91.22505583212629,88.59971441832313,99.10108007353577,89.0,85.4213848967544,72.0,blend
2021-11-06,24,79.0,74.95135108974956,72.94869961857322,80.95930550327863,79.0,74.95135108974956,72.94869961857322,80.95930550327863,84.0,71.45580437474061,68.0,blend
2021-11-07,24,90.0,73.54843325771634,71.13088546178554,80.80107664550872,90.0,73.54843325771634,71.13088546178554,80.80107664550872,82.0,68.83073255237184,82.0,blend
2021-11-08,24,115.0,104.92629094087219,106.15862527599523,101.22928793550307,115.0,104.92629094087219,106.15862527599523,101.22928793550307,106.0,103.23873080533865,101.5,blend
2021-11-09,24,98.0,106.74926969670821,107.27676326056354,105.16678900514222,98.0,106.74926969670821,107.27676326056354,105.16678900514222,77.0,107.24402903024503,104.0,blend
2021-11-10,24,78.0,102.13903272279617,101.46093416044029,104.17332840986379,78.0,102.13903272279617,101.46093416044029,104.17332840986379,106.0,101.6197666070995,83.0,blend
2021-11-11,24,115.0,103.16094860218996,104.15502248910744,100.17872694143753,115.0,103.16094860218996,104.15502248910744,100.17872694143753,99.0,101.63834590264005,75.5,blend
2021-11-12,24,99.0,99.1796075416936,98.90791349871321,99.99468967063481,99.0,99.1796075416936,98.90791349871321,99.99468967063481,85.0,96.9231254466904,80.0,blend
2021-11-13,24,84.0,85.1900639772349,83.04378207254753,91.62890969129697,84.0,85.1900639772349,83.04378207254753,91.62890969129697,79.0,79.11085254210244,85.0,blend
2021-11-14,24,88.0,79.75940169768892,77.96067650093966,85.15557728793671,88.0,79.75940169768892,77.96067650093966,85.15557728793671,90.0,76.08739250559526,90.5,blend
2021-11-15,24,88.0,107.18001904364988,108.97568584044919,101.79301865325195,88.0,107.18001904364988,108.97568584044919,101.79301865325195,115.0,109.61995090721081,84.5,blend
2021-11-16,24,101.0,93.93569952957529,94.11558726669233,93.39603631822416,101.0,93.93569952957529,94.11558726669233,93.39603631822416,98.0,93.725156643605,79.0,blend
2021-11-17,24,130.0,103.92864709541485,104.08524843887025,103.45884306504867,130.0,103.92864709541485,104.08524843887025,103.45884306504867,78.0,104.39164037950522,73.0,blend
2021-11-18,24,103.0,114.99620573319262,116.42683406634121,110.70432073374687,103.0,114.99620573319262,116.42683406634121,110.70432073374687,115.0,115.6375378074808,87.0,blend
2021-11-19,24,81.0,96.2112683697793,95.73627008855135,97.63626321346314,81.0,96.2112683697793,95.73627008855135,97.63626321346314,99.0,95.28800117484441,95.0,blend
2021-11-20,24,83.0,76.869540416218,75.99981556609231,79.47871496659506,83.0,76.869540416218,75.99981556609231,79.47871496659506,84.0,74.42381206404139,71.5,blend
2021-11-21,24,107.0,76.87384129734033,75.3833599863955,81.34528523017482,107.0,76.87384129734033,75.3833599863955,81.34528523017482,88.0,72.25005842557223,60.5,blend
2021-11-22,24,101.0,113.57428195138003,115.1220297617753,108.93103852019425,101.0,113.57428195138003,115.1220297617753,108.93103852019425,88.0,113.5204656530101,84.0,blend
2021-11-23,24,84.0,104.49597223976163,105.1555131001001,102.51734965874626,84.0,104.49597223976163,105.1555131001001,102.51734965874626,101.0,107.12394519972102,113.0,blend
2021-11-24,24,125.0,98.34947828280774,99.89388329977254,93.71626323191333,125.0,98.34947828280774,99.89388329977254,93.71626323191333,130.0,100.62455442515491,106.0,blend
2021-11-25,24,95.0,109.42418009117236,109.56083331065615,109.014220432721,95.0,109.42418009117236,109.56083331065615,109.014220432721,103.0,110.81194847842772,100.0,blend
2021-11-26,24,85.0,90.9896964689666,89.40538170879562,95.74264074947958,85.0,90.9896964689666,89.40538170879562,95.74264074947958,81.0,90.1678286395549,103.5,blend
2021-11-27,24,80.0,83.15032203701409,83.27903103118516,82.76419505450087,80.0,83.15032203701409,83.27903103118516,82.76419505450087,83.0,78.96044326173045,91.0,blend
2021-11-28,24,97.0,75.5899932174892,74.04715977264624,80.21849355201806,97.0,75.5899932174892,74.04715977264624,80.21849355201806,107.0,71.16050858664656,84.5,blend
2021-11-29,24,104.0,102.48391742910243,101.78560644390977,104.57885038468041,104.0,102.48391742910243,101.78560644390977,104.57885038468041,101.0,103.66955213943368,93.0,blend
2021-11-30,24,139.0,99.12958873009393,97.67744601563655,103.48601687346601,139.0,99.12958873009393,97.67744601563655,103.48601687346601,84.0,96.59582524752358,101.5,blend
2021-12-01,24,112.0,137.71864561691606,144.5090193859677,117.34752430976118,112.0,137.71864561691606,144.5090193859677,117.34752430976118,125.0,145.6606359018406,103.0,blend
2021-12-02,24,90.0,107.02801309989007,108.22754256661028,103.42942469972942,90.0,107.02801309989007,108.22754256661028,103.42942469972942,95.0,111.61790920018845,126.5,blend
2021-12-03,24,118.0,94.52534861125976,94.97085433564473,93.18883143810484,118.0,94.52534861125976,94.97085433564473,93.18883143810484,85.0,96.90544068073967,134.5,blend
2021-12-04,24,83.0,96.59960817019872,97.38394339840784,94.24660248557137,83.0,96.59960817019872,97.38394339840784,94.24660248557137,80.0,94.87624665681027,113.5,blend
2021-12-05,24,113.0,87.65414581756993,88.25185668859842,85.86101320448445,113.0,87.65414581756993,88.25185668859842,85.86101320448445,97.0,86.48346885620705,117.0,blend
2021-12-06,24,112.0,124.8923011317705,129.14058228735857,112.14745766500627,112.0,124.8923011317705,129.14058228735857,112.14745766500627,104.0,129.23253271672093,123.0,blend
2021-12-07,24,86.0,116.02065206142461,117.92466582930162,110.30861075779362,86.0,116.02065206142461,117.92466582930162,110.30861075779362,139.0,118.47527908372263,103.5,blend
2021-12-08,24,65.0,100.52503520538731,101.14270044434964,98.67203948850033,65.0,100.52503520538731,101.14270044434964,98.67203948850033,112.0,104.75956219298303,82.5,blend
2021-12-09,24,98.0,96.93625070294615,97.18206716623904,96.19880131306752,98.0,96.93625070294615,97.18206716623904,96.19880131306752,90.0,94.6626573517931,115.5,blend
2021-12-10,24,93.0,98.50519823900704,98.03486830398046,99.91618804408682,93.0,98.50519823900704,98.03486830398046,99.91618804408682,118.0,93.13604946495141,118.0,blend
2021-12-11,24,97.0,80.67120347257206,79.22759058637105,85.00204213117509,97.0,80.67120347257206,79.22759058637105,85.00204213117509,83.0,78.30080725223822,96.0,blend
2021-12-12,24,60.0,86.54493166442928,85.30502092169458,90.26466389263338,60.0,86.54493166442928,85.30502092169458,90.26466389263338,113.0,83.0032989719079,94.0,blend
2021-12-13,24,77.0,93.98887663308261,92.96327424913004,97.06568378494035,77.0,93.98887663308261,92.96327424913004,97.06568378494035,112.0,93.6322826751933,89.5,blend
2021-12-14,24,79.0,95.54093462235798,94.61098187630573,98.33079286051475,79.0,95.54093462235798,94.61098187630573,98.33079286051475,86.0,94.96631387230273,94.0,blend
2021-12-15,24,110.0,94.2435848001529,94.15054154521192,94.52271456497584,110.0,94.2435848001529,94.15054154521192,94.52271456497584,65.0,92.78681601836053,91.5,blend
2021-12-16,24,115.0,100.30361823428336,99.14398568387558,103.78251588550674,115.0,100.30361823428336,99.14398568387558,103.78251588550674,98.0,97.93949491305192,104.0,blend
2021-12-17,24,94.0,99.43326584840767,98.79067132249554,101.36104942614405,94.0,99.43326584840767,98.79067132249554,101.36104942614405,93.0,98.04298649681627,100.5,blend
2021-12-18,24,76.0,76.88119957283567,75.62930266611957,80.63689029298399,76.0,76.88119957283567,75.62930266611957,80.63689029298399,97.0,77.40746318258236,87.0,blend
2021-12-19,24,79.0,75.07501769629118,73.12751314453415,80.91753135156225,79.0,75.07501769629118,73.12751314453415,80.91753135156225,60.0,73.12127090817951,97.0,blend
2021-12-20,24,120.0,101.77133299635216,102.72506315408796,98.91014252314471,120.0,101.77133299635216,102.72506315408796,98.91014252314471,77.0,101.88618446135986,102.5,blend
2021-12-21,24,107.0,108.18505132671143,108.98246630049951,105.79280640534714,107.0,108.18505132671143,108.98246630049951,105.79280640534714,79.0,111.41744678492577,111.0,blend
2021-12-22,24,91.0,103.99951363734249,105.46557388679936,99.60133288897183,91.0,103.99951363734249,105.46557388679936,99.60133288897183,110.0,107.07200935924283,122.5,blend
2021-12-23,24,133.0,92.8132091752547,92.87693331269658,92.62203676292904,133.0,92.8132091752547,92.87693331269658,92.62203676292904,115.0,99.56036037804171,120.5,blend
2021-12-24,24,101.0,101.82092158035253,101.77729529217157,101.95180044489541,101.0,101.82092158035253,101.77729529217157,101.95180044489541,94.0,104.44356123904332,90.5,blend
2021-12-25,24,84.0,81.33019535415178,79.69009137911158,86.2505072792724,84.0,81.33019535415178,79.69009137911158,86.2505072792724,76.0,82.69553801309094,60.5,blend
2021-12-26,24,57.0,78.02124873658417,77.4521661494132,79.72849649809706,57.0,78.02124873658417,77.4521661494132,79.72849649809706,79.0,77.7391131623916,82.5,blend
2021-12-27,24,86.0,97.83169219214228,98.61825127284241,95.4720149500419,86.0,97.83169219214228,98.61825127284241,95.4720149500419,120.0,98.77103539086409,111.0,blend
2021-12-28,24,82.0,97.39229977385045,98.53998605547795,93.9492409289679,82.0,97.39229977385045,98.53998605547795,93.9492409289679,107.0,100.86061005580697,96.0,blend
2021-12-29,24,124.0,94.0433490572304,93.6618401863456,95.1878756698848,124.0,94.0433490572304,93.6618401863456,95.1878756698848,91.0,93.4885758752302,79.0,blend
2021-12-30,24,116.0,111.3523260766323,111.72928590665879,110.22144658655279,116.0,111.3523260766323,111.72928590665879,110.22144658655279,133.0,111.57177924055665,92.5,blend
2021-12-31,24,104.0,96.20141107403025,95.23523385576789,99.09994272881734,104.0,96.20141107403025,95.23523385576789,99.09994272881734,101.0,95.27422738876771,110.5,blend
2022-01-01,25,200.0,94.70193103982263,99.97401986225537,90.38840382146856,200.0,94.70193103982263,99.97401986225537,90.38840382146856,84.0,109.6669926933915,111.0,blend
2022-01-02,25,202.0,120.56055313686679,121.23131485195522,120.01174809724895,202.0,120.56055313686679,121.23131485195522,120.01174809724895,57.0,128.92021908271744,101.0,blend
2022-01-03,25,205.0,152.95221202486226,158.19467564309923,148.66292360994106,205.0,152.95221202486226,158.19467564309923,148.66292360994106,86.0,169.09641591345542,97.5,blend
2022-01-04,25,206.0,169.42492885556487,176.56904330398095,163.5797443068608,206.0,169.42492885556487,176.56904330398095,163.5797443068608,82.0,177.2046939723875,110.5,blend
2022-01-05,25,205.0,167.6028906453738,170.9896473253327,164.8319079072256,205.0,167.6028906453738,170.9896473253327,164.8319079072256,124.0,172.10024342038872,108.0,blend
2022-01-06,25,166.0,174.21236613443764,175.56486311460029,173.10577769612274,166.0,174.21236613443764,175.56486311460029,173.10577769612274,116.0,182.54834332041634,114.5,blend
2022-01-07,25,148.0,155.21802051203727,160.92658261186983,150.54737879399244,148.0,155.21802051203727,160.92658261186983,150.54737879399244,104.0,163.80295729514611,114.5,blend
2022-01-08,25,113.0,135.76821140776224,138.33978590711976,133.66419590828787,113.0,135.76821140776224,138.33978590711976,133.66419590828787,200.0,147.9694303264649,83.5,blend
2022-01-09,25,100.0,109.66723989825066,105.57676768730113,113.01398988902753,100.0,109.66723989825066,105.57676768730113,113.01398988902753,202.0,114.408538230572,73.0,blend
2022-01-10,25,129.0,139.01366514717654,129.19412202804918,147.04783679009893,129.0,139.01366514717654,129.19412202804918,147.04783679009893,205.0,141.15840915758585,90.5,blend
2022-01-11,25,138.0,146.46221496969937,141.9214756124968,150.17736535286508,138.0,146.46221496969937,141.9214756124968,150.17736535286508,206.0,140.80027938170173,115.5,blend
2022-01-12,25,113.0,134.92849259025508,128.47544245725678,140.20826088089,113.0,134.92849259025508,128.47544245725678,140.20826088089,205.0,141.8646571582397,125.0,blend
2022-01-13,25,124.0,124.63237510294118,116.02188967325307,131.67731772723144,124.0,124.63237510294118,116.02188967325307,131.67731772723144,166.0,118.71803720589014,110.0,blend
2022-01-14,25,102.0,119.00440094782329,110.62147883362866,125.8631554048916,102.0,119.00440094782329,110.62147883362866,125.8631554048916,148.0,106.41943373069851,101.5,blend
2022-01-15,25,108.0,96.76016034839468,90.73626377119491,101.68880300246721,108.0,96.76016034839468,90.73626377119491,101.68880300246721,113.0,91.47852372756483,89.0,blend
2022-01-16,25,56.0,101.22832504952646,94.71550462326532,106.5569963073765,56.0,101.22832504952646,94.71550462326532,106.5569963073765,100.0,94.37228486735597,89.0,blend
2022-01-17,25,90.0,116.2600744450742,116.79610410723579,115.82150472148744,90.0,116.2600744450742,116.79610410723579,115.82150472148744,129.0,112.35497191994445,113.0,blend
2022-01-18,25,116.0,112.39267606564565,114.29172181992666,110.83891135759754,116.0,112.39267606564565,114.29172181992666,110.83891135759754,138.0,115.03865348839595,132.0,blend
2022-01-19,25,92.0,114.24948665211384,110.76570409798822,117.09985419639844,92.0,114.24948665211384,110.76570409798822,117.09985419639844,113.0,110.5499000766233,143.5,blend
2022-01-20,25,113.0,107.012541003133,102.48684864719043,110.71538020344963,113.0,107.012541003133,102.48684864719043,110.71538020344963,124.0,98.30650181549179,117.5,blend
2022-01-21,25,87.0,101.60174837458996,95.82865652595856,106.3251871598338,87.0,101.60174837458996,95.82865652595856,106.3251871598338,102.0,94.90103323854527,102.0,blend
2022-01-22,25,78.0,79.93101489106988,74.94176010880814,84.0131324401931,78.0,79.93101489106988,74.94176010880814,84.0131324401931,108.0,70.50825488425355,120.0,blend
2022-01-23,25,71.0,71.92978767608423,62.40194026486129,79.72529919435755,71.0,71.92978767608423,62.40194026486129,79.72529919435755,56.0,56.31184524628951,119.0,blend
2022-01-24,25,80.0,101.57039331388037,100.99580852476814,102.0405081413358,80.0,101.57039331388037,100.99580852476814,102.0405081413358,90.0,94.26064330657667,145.0,blend
2022-01-25,25,81.0,97.15000210348364,93.16490751143088,100.41053404243591,81.0,97.15000210348364,93.16490751143088,100.41053404243591,116.0,90.69058114350858,144.0,blend
2022-01-26,25,86.0,93.16391957157396,87.73530452976013,97.60551369669435,86.0,93.16391957157396,87.73530452976013,97.60551369669435,92.0,87.26522249913698,109.5,blend
2022-01-27,25,107.0,91.35738528914862,85.28271475772276,96.32757026940612,107.0,91.35738528914862,85.28271475772276,96.32757026940612,113.0,83.05195441403883,109.5,blend
2022-01-28,25,78.0,87.57169269572375,81.55535109862848,92.49415400243805,78.0,87.57169269572375,81.55535109862848,92.49415400243805,87.0,81.54065692815115,116.0,blend
2022-01-29,25,73.0,70.83836864961012,66.51471522724005,74.37590326791289,73.0,70.83836864961012,66.51471522724005,74.37590326791289,78.0,73.36138015178256,107.5,blend
2022-01-30,25,46.0,61.49333196481773,50.019481895398116,70.88102747616104,46.0,61.49333196481773,50.019481895398116,70.88102747616104,71.0,62.47034589912555,86.0,blend
2022-01-31,25,87.0,84.30532952823638,74.65222573051106,92.2033235445571,87.0,84.30532952823638,74.65222573051106,92.2033235445571,80.0,77.63646996666047,85.5,blend
2022-02-01,25,103.0,102.20328906713625,110.24497354993254,95.62372903575748,103.0,102.20328906713625,110.24497354993254,95.62372903575748,81.0,124.54800725594876,91.0,blend
2022-02-02,25,74.0,102.644187979622,105.14081057417675,100.60149676589538,74.0,102.644187979622,105.14081057417675,100.60149676589538,86.0,110.2263743303059,120.5,blend
2022-02-03,25,88.0,100.8862580009029,102.8755286408979,99.25867293181608,88.0,100.8862580009029,102.8755286408979,99.25867293181608,107.0,101.29883866895429,154.5,blend
2022-02-04,25,89.0,93.07464982509443,93.61256909305361,92.63453406040054,89.0,93.07464982509443,93.61256909305361,92.63453406040054,78.0,89.98359613055143,142.0,blend
2022-02-05,25,66.0,81.84707327026703,79.12196998009907,84.07670323494989,66.0,81.84707327026703,79.12196998009907,84.07670323494989,73.0,68.61713495110115,124.0,blend
2022-02-06,25,53.0,75.44119529504127,68.33237689177287,81.25750126135178,53.0,75.44119529504127,68.33237689177287,81.25750126135178,46.0,58.888544288337755,148.0,blend
2022-02-07,25,84.0,98.65526207904304,96.47185565292612,100.44168551859326,84.0,98.65526207904304,96.47185565292612,100.44168551859326,87.0,89.97382014505584,159.0,blend
2022-02-08,25,97.0,96.36987121202876,93.70263807114578,98.55215287275118,97.0,96.36987121202876,93.70263807114578,98.55215287275118,103.0,94.10067983457142,148.0,blend
2022-02-09,25,71.0,99.84235046276603,92.12054965308883,106.16018748886555,71.0,99.84235046276603,92.12054965308883,106.16018748886555,74.0,88.50305089290514,141.0,blend
2022-02-10,25,97.0,97.75956237137953,94.30442858562553,100.58649001426915,97.0,97.75956237137953,94.30442858562553,100.58649001426915,88.0,91.11709117976321,153.5,blend
2022-02-11,25,75.0,96.81924618254149,92.77235129835854,100.13034199687299,75.0,96.81924618254149,92.77235129835854,100.13034199687299,89.0,88.19131081278613,168.0,blend
2022-02-12,25,110.0,77.3518086133048,73.66214363619518,80.37062541275813,110.0,77.3518086133048,73.66214363619518,80.37062541275813,66.0,65.5113632247199,138.5,blend
2022-02-13,25,71.0,78.39373009498739,70.61870779727353,84.75511197493508,71.0,78.39373009498739,70.61870779727353,84.75511197493508,53.0,67.25032574931858,111.5,blend
2022-02-14,25,92.0,103.90848897150775,104.70350950185315,103.25801762849787,92.0,103.90848897150775,104.70350950185315,103.25801762849787,84.0,97.55103273498909,128.0,blend
2022-02-15,25,99.0,108.75822285522634,110.4349166982443,107.38638243821165,99.0,108.75822285522634,110.4349166982443,107.38638243821165,97.0,101.59417027057488,110.5,blend
2022-02-16,25,100.0,103.90891617742199,99.36715245710432,107.6249046758637,100.0,103.90891617742199,99.36715245710432,107.6249046758637,71.0,93.29488917110942,91.5,blend
2022-02-17,25,114.0,106.29089558687505,103.75717289514454,108.36394142556365,114.0,106.29089558687505,103.75717289514454,108.36394142556365,97.0,98.57494830277089,104.5,blend
2022-02-18,25,132.0,102.55723803758099,103.22520975545571,102.0107157229562,132.0,102.55723803758099,103.22520975545571,102.0107157229562,75.0,101.1603163739857,117.5,blend
2022-02-19,25,118.0,95.77265669757088,96.96294743105187,94.79878246108643,118.0,95.77265669757088,96.96294743105187,94.79878246108643,110.0,94.5529012527361,123.5,blend
2022-02-20,25,121.0,87.36564424103716,83.63172862858796,90.42066610576832,121.0,87.36564424103716,83.63172862858796,90.42066610576832,71.0,84.0565832524262,91.0,blend
2022-02-21,25,152.0,124.15916409509401,124.67892915509546,123.73390177327464,152.0,124.15916409509401,124.67892915509546,123.73390177327464,92.0,123.00257974377391,80.5,blend
2022-02-22,25,153.0,133.33434742729378,139.18446517841252,128.54788744910567,153.0,133.33434742729378,139.18446517841252,128.54788744910567,99.0,136.03872501649067,115.5,blend
2022-02-23,25,140.0,131.9532194156467,135.12389429137548,129.35903088095955,140.0,131.9532194156467,135.12389429137548,129.35903088095955,100.0,133.2781630635899,135.0,blend
2022-02-24,25,136.0,134.99995204114805,137.82423608444452,132.6891741875418,136.0,134.99995204114805,137.82423608444452,132.6891741875418,114.0,136.54720559180384,141.5,blend
2022-02-25,25,126.0,127.05497352313573,126.7834846762463,127.2771007614998,126.0,127.05497352313573,126.7834846762463,127.2771007614998,132.0,122.63925199060196,131.5,blend
2022-02-26,25,91.0,110.55615272604075,109.01357839748701,111.81825899485743,91.0,110.55615272604075,109.01357839748701,111.81825899485743,118.0,107.48082688597589,98.0,blend
2022-02-27,25,97.0,92.83631450495128,90.14742594988269,95.03631423182556,97.0,92.83631450495128,90.14742594988269,95.03631423182556,121.0,84.67877746466974,88.0,blend
2022-02-28,25,98.0,123.6435657772158,117.03312784013615,129.05210590755368,98.0,123.6435657772158,117.03312784013615,129.05210590755368,152.0,116.9059570854121,100.0,blend
2022-03-01,26,141.0,142.12357728737928,142.12357728737928,134.916987190756,141.0,142.12357728737928,142.12357728737928,134.916987190756,153.0,139.50287938185667,114.5,residual_only
2022-03-02,26,124.0,128.33593834985643,128.33593834985643,129.7315269917013,124.0,128.33593834985643,128.33593834985643,129.7315269917013,140.0,125.58448276008343,130.5,residual_only
2022-03-03,26,148.0,124.26283603797803,124.26283603797803,129.6157616349064,148.0,124.26283603797803,124.26283603797803,129.6157616349064,136.0,120.86050842051858,143.5,residual_only
2022-03-04,26,133.0,128.69299596504078,128.69299596504078,129.18361640826538,133.0,128.69299596504078,128.69299596504078,129.18361640826538,126.0,126.03549280820036,130.0,residual_only
2022-03-05,26,109.0,108.2807632544298,108.2807632544298,109.40434859352935,109.0,108.2807632544298,108.2807632544298,109.40434859352935,91.0,108.28773848961342,121.0,residual_only
2022-03-06,26,89.0,95.97671360746374,95.97671360746374,102.21811165415079,89.0,95.97671360746374,95.97671360746374,102.21811165415079,97.0,95.23384969753572,107.0,residual_only
2022-03-07,26,148.0,127.71875865191016,127.71875865191016,124.82495490642512,148.0,127.71875865191016,127.71875865191016,124.82495490642512,98.0,126.26385586652486,104.0,residual_only
2022-03-08,26,129.0,146.29115792859315,146.29115792859315,139.86936303884406,129.0,146.29115792859315,146.29115792859315,139.86936303884406,141.0,144.4984686317469,143.0,residual_only
2022-03-09,26,138.0,134.94675674689609,134.94675674689609,133.70026046352302,138.0,134.94675674689609,134.94675674689609,133.70026046352302,124.0,132.6710459796195,165.0,residual_only
2022-03-10,26,137.0,134.35856717019695,134.35856717019695,137.5641554424169,137.0,134.35856717019695,134.35856717019695,137.5641554424169,148.0,136.19834225442378,148.5,residual_only
2022-03-11,26,125.0,123.88609044626664,123.88609044626664,127.12081620845078,125.0,123.88609044626664,123.88609044626664,127.12081620845078,133.0,123.72763851770391,127.5,residual_only
2022-03-12,26,155.0,103.33355667146901,103.33355667146901,106.87027370926873,155.0,103.33355667146901,103.33355667146901,106.87027370926873,109.0,105.53005304866714,100.0,residual_only
2022-03-13,26,108.0,108.8522895669586,108.8522895669586,115.61175070151637,108.0,108.8522895669586,108.8522895669586,115.61175070151637,89.0,113.3762639192453,75.5,residual_only
2022-03-14,26,149.0,132.20193872397186,132.20193872397186,138.2903414497174,149.0,132.20193872397186,132.20193872397186,138.2903414497174,148.0,135.27941143638395,110.5,residual_only
2022-03-15,26,156.0,145.87288732228248,145.87288732228248,141.47221291518943,156.0,145.87288732228248,145.87288732228248,141.47221291518943,129.0,149.36377049645031,144.5,residual_only
2022-03-16,26,140.0,141.9899507672832,141.9899507672832,144.742255004482,140.0,141.9899507672832,141.9899507672832,144.742255004482,138.0,146.0580396865174,139.0,residual_only
2022-03-17,26,142.0,139.03794884635525,139.03794884635525,144.4557499271757,142.0,139.03794884635525,139.03794884635525,144.4557499271757,137.0,144.09841190433164,150.5,residual_only
2022-03-18,26,132.0,141.4647286527062,141.4647286527062,144.15913554011567,132.0,141.4647286527062,141.4647286527062,144.15913554011567,125.0,140.45529838954977,148.0,residual_only
2022-03-19,26,143.0,113.44866651282825,113.44866651282825,122.32086569995187,143.0,113.44866651282825,113.44866651282825,122.32086569995187,155.0,117.71552730210088,130.5,residual_only
2022-03-20,26,110.0,111.93671296881742,111.93671296881742,119.10378734577401,110.0,111.93671296881742,111.93671296881742,119.10378734577401,108.0,114.94062197724193,128.0,residual_only
2022-03-21,26,170.0,144.32537152174046,144.32537152174046,146.29871114003134,170.0,144.32537152174046,144.32537152174046,146.29871114003134,149.0,147.6963246537071,133.0,residual_only
2022-03-22,26,178.0,163.55371044370813,163.55371044370813,159.34802650106053,178.0,163.55371044370813,163.55371044370813,159.34802650106053,156.0,164.83612541493272,160.5,residual_only
2022-03-23,26,155.0,162.38399327553603,162.38399327553603,164.427291823431,155.0,162.38399327553603,162.38399327553603,164.427291823431,140.0,160.17009154853812,155.5,residual_only
2022-03-24,26,176.0,164.23412101003112,164.23412101003112,163.24172362128962,176.0,164.23412101003112,164.23412101003112,163.24172362128962,142.0,155.76340916245357,156.0,residual_only
2022-03-25,26,157.0,160.09182170679335,160.09182170679335,158.10821551360073,157.0,160.09182170679335,160.09182170679335,158.10821551360073,132.0,154.36954068973742,174.0,residual_only
2022-03-26,26,155.0,133.63693140105946,133.63693140105946,139.45502129961193,155.0,133.63693140105946,133.63693140105946,139.45502129961193,143.0,130.59960844680583,132.5,residual_only
2022-03-27,26,135.0,124.37652290608216,124.37652290608216,129.4107274895172,135.0,124.37652290608216,124.37652290608216,129.4107274895172,110.0,124.1983325122903,115.0,residual_only
2022-03-28,26,165.0,159.4126552790974,159.4126552790974,174.01440650168246,165.0,159.4126552790974,159.4126552790974,174.01440650168246,170.0,158.55010458569552,159.0,residual_only
2022-03-29,26,168.0,164.017664013328,164.017664013328,174.93909943638897,168.0,164.017664013328,164.017664013328,174.93909943638897,178.0,163.24631369346932,158.0,residual_only
2022-03-30,26,148.0,157.5125409425785,157.5125409425785,172.65589730015657,148.0,157.5125409425785,157.5125409425785,172.65589730015657,155.0,156.1547239322237,144.0,residual_only
2022-03-31,26,148.0,142.104920106911,142.104920106911,166.40732110332198,148.0,142.104920106911,142.104920106911,166.40732110332198,176.0,144.05942872401985,146.0,residual_only
2022-04-01,26,146.0,160.9285091803508,160.9285091803508,159.03317410763515,146.0,160.9285091803508,160.9285091803508,159.03317410763515,157.0,164.7502389629918,149.0,residual_only
2022-04-02,26,128.0,129.34411840569132,129.34411840569132,134.23794780459272,128.0,129.34411840569132,129.34411840569132,134.23794780459272,155.0,134.2580663629595,145.0,residual_only
2022-04-03,26,146.0,108.90806503447207,108.90806503447207,120.52481205465894,146.0,108.90806503447207,108.90806503447207,120.52481205465894,135.0,115.90216749291642,136.0,residual_only
2022-04-04,26,189.0,165.6494077679006,165.6494077679006,170.9326326967705,189.0,165.6494077679006,165.6494077679006,170.9326326967705,165.0,168.37003900327443,128.5,residual_only
2022-04-05,26,221.0,176.71091015778063,176.71091015778063,183.67737659577784,221.0,176.71091015778063,176.71091015778063,183.67737659577784,168.0,176.00185183842407,116.5,residual_only
2022-04-06,26,160.0,191.86614258391157,191.86614258391157,201.76918463996452,160.0,191.86614258391157,191.86614258391157,201.76918463996452,148.0,190.75538771202622,135.0,residual_only
2022-04-07,26,168.0,177.68176588174018,177.68176588174018,172.79576331007436,168.0,177.68176588174018,177.68176588174018,172.79576331007436,148.0,174.69233166623337,162.5,residual_only
2022-04-08,26,156.0,173.80058282443954,173.80058282443954,164.97085568355647,156.0,173.80058282443954,173.80058282443954,164.97085568355647,146.0,167.6439345659169,181.0,residual_only
2022-04-09,26,203.0,155.66511146581072,155.66511146581072,141.15361533736046,203.0,155.66511146581072,155.66511146581072,141.15361533736046,128.0,149.82612491654993,146.0,residual_only
2022-04-10,26,145.0,162.3417247532686,162.3417247532686,165.33301935879373,145.0,162.3417247532686,162.3417247532686,165.33301935879373,146.0,162.35396584948236,124.0,residual_only
2022-04-11,26,200.0,189.89377625527146,189.89377625527146,189.33850953528608,200.0,189.89377625527146,189.89377625527146,189.33850953528608,189.0,189.603381008246,159.5,residual_only
2022-04-12,26,197.0,212.84229224582188,212.84229224582188,204.5018635839141,197.0,212.84229224582188,212.84229224582188,204.5018635839141,221.0,205.74667433072122,195.5,residual_only
2022-04-13,26,197.0,191.63667182121225,191.63667182121225,192.79277294958712,197.0,191.63667182121225,191.63667182121225,192.79277294958712,160.0,186.50052713653497,210.5,residual_only
2022-04-14,26,206.0,185.04620463242753,185.04620463242753,197.95713528441695,206.0,185.04620463242753,185.04620463242753,197.95713528441695,168.0,184.57797575439025,193.5,residual_only
2022-04-15,26,128.0,175.3016635771869,175.3016635771869,190.2346859025028,128.0,175.3016635771869,175.3016635771869,190.2346859025028,156.0,182.26078978879775,167.0,residual_only
2022-04-16,26,155.0,137.51283390680578,137.51283390680578,138.40278004273893,155.0,137.51283390680578,137.51283390680578,138.40278004273893,203.0,142.24799699127493,153.5,residual_only
2022-04-17,26,132.0,137.31437777207367,137.31437777207367,138.20524390982837,132.0,137.31437777207367,137.31437777207367,138.20524390982837,145.0,140.44452317271023,157.5,residual_only
2022-04-18,26,185.0,173.8515191787829,173.8515191787829,182.79172513244006,185.0,173.8515191787829,173.8515191787829,182.79172513244006,200.0,174.28383556472917,175.0,residual_only
2022-04-19,26,183.0,200.95918057086166,200.95918057086166,191.974274355393,183.0,200.95918057086166,200.95918057086166,191.974274355393,197.0,195.50703531563937,199.5,residual_only
2022-04-20,26,190.0,185.52209287294502,185.52209287294502,187.7732417230124,190.0,185.52209287294502,185.52209287294502,187.7732417230124,197.0,181.38135036620497,235.0,residual_only
2022-04-21,26,180.0,184.35318533518114,184.35318533518114,191.38685103580193,180.0,184.35318533518114,184.35318533518114,191.38685103580193,206.0,179.08461472897866,243.5,residual_only
2022-04-22,26,121.0,167.78009727251055,167.78009727251055,167.62350194064123,121.0,167.78009727251055,167.78009727251055,167.62350194064123,128.0,160.66995012894046,203.5,residual_only
2022-04-23,26,157.0,137.89017240844402,137.89017240844402,138.67251895297326,157.0,137.89017240844402,137.89017240844402,138.67251895297326,155.0,132.83927390372452,138.0,residual_only
2022-04-24,26,167.0,133.94155108102342,133.94155108102342,140.08115851409804,167.0,133.94155108102342,133.94155108102342,140.08115851409804,132.0,132.84252755875465,120.5,residual_only
2022-04-25,26,171.0,183.4327797928137,183.4327797928137,191.5056541537396,171.0,183.4327797928137,183.4327797928137,191.5056541537396,185.0,178.68023161001685,155.5,residual_only
2022-04-26,26,185.0,190.34543871082278,190.34543871082278,184.83632494493867,185.0,190.34543871082278,190.34543871082278,184.83632494493867,183.0,185.9860943646379,218.5,residual_only
2022-04-27,26,166.0,190.1691554171755,190.1691554171755,188.57419202696542,166.0,190.1691554171755,190.1691554171755,188.57419202696542,190.0,184.4165701856456,275.0,residual_only
2022-04-28,26,149.0,173.3073164432011,173.3073164432011,178.52016397781375,149.0,173.3073164432011,173.3073164432011,178.52016397781375,180.0,167.63121353486812,256.0,residual_only
2022-04-29,26,157.0,145.17577793010895,145.17577793010895,151.54832370111873,157.0,145.17577793010895,145.17577793010895,151.54832370111873,121.0,143.31240590075976,228.5,residual_only
2022-04-30,26,133.0,126.59922875781638,126.59922875781638,138.42494295834297,133.0,126.59922875781638,126.59922875781638,138.42494295834297,157.0,132.9488489921058,194.5,residual_only
2022-05-01,27,152.0,144.34370213366861,144.53176262315873,143.77952066519833,152.0,144.34370213366861,144.53176262315873,143.77952066519833,167.0,145.2694364006883,179.0,blend
2022-05-02,27,166.0,178.44816440119686,178.60508362262988,177.97740673689782,166.0,178.44816440119686,178.60508362262988,177.97740673689782,171.0,177.97188115381982,209.0,blend
2022-05-03,27,193.0,182.01164704784435,184.73980055452947,173.82718652778902,193.0,182.01164704784435,184.73980055452947,173.82718652778902,185.0,183.56045343960832,251.0,blend
2022-05-04,27,141.0,183.09140656579942,184.37023195797065,179.25493038928573,141.0,183.09140656579942,184.37023195797065,179.25493038928573,166.0,184.08253266478562,272.5,blend
2022-05-05,27,176.0,159.47410966020993,160.46296493398825,156.50754383887505,176.0,159.47410966020993,160.46296493398825,156.50754383887505,149.0,164.19454441145152,272.0,blend
2022-05-06,27,149.0,151.27781714136268,150.24328024911927,154.3814278180929,149.0,151.27781714136268,150.24328024911927,154.3814278180929,157.0,152.60218788551083,216.5,blend
2022-05-07,27,146.0,138.904996958717,141.55049139551795,130.96851364831417,146.0,138.904996958717,141.55049139551795,130.96851364831417,133.0,144.15464549492577,152.0,blend
2022-05-08,27,95.0,135.53511584376668,135.99432336600248,134.15749327705936,95.0,135.53511584376668,135.99432336600248,134.15749327705936,152.0,137.6774777218503,162.0,blend
2022-05-09,27,162.0,159.11505771023482,158.97887153325814,159.52361624116486,162.0,159.11505771023482,158.97887153325814,159.52361624116486,166.0,159.1492420066648,191.0,blend
2022-05-10,27,210.0,174.8393956845479,176.07966817874362,171.11857820196076,210.0,174.8393956845479,176.07966817874362,171.11857820196076,193.0,175.03715697246105,245.0,blend
2022-05-11,27,179.0,186.84963547203535,186.79998410430923,186.99858957521377,179.0,186.84963547203535,186.79998410430923,186.99858957521377,141.0,184.82819390405425,241.0,blend
2022-05-12,27,156.0,180.43793628549332,181.77805076924065,176.4175928342513,156.0,180.43793628549332,181.77805076924065,176.4175928342513,176.0,180.38572522395512,219.0,blend
2022-05-13,27,180.0,159.2053432849453,159.39697161555242,158.63045829312387,180.0,159.2053432849453,159.39697161555242,158.63045829312387,149.0,157.69469934941134,247.0,blend
2022-05-14,27,170.0,149.14225907122983,150.40546423393792,145.35264358310553,170.0,149.14225907122983,150.40546423393792,145.35264358310553,146.0,149.26958515450391,244.5,blend
2022-05-15,27,158.0,142.41512239946013,143.230993149526,139.96751014926258,158.0,142.41512239946013,143.230993149526,139.96751014926258,95.0,143.41549570284738,199.5,blend
2022-05-16,27,170.0,187.37684209996075,188.2414675383216,184.78296578487817,170.0,187.37684209996075,188.2414675383216,184.78296578487817,162.0,187.0405541206212,206.0,blend
2022-05-17,27,199.0,186.8199021863871,189.46135419154987,178.8955461708988,199.0,186.8199021863871,189.46135419154987,178.8955461708988,210.0,190.23184295950298,246.5,blend
2022-05-18,27,143.0,180.2527860948107,179.23955569989306,183.29247727956363,143.0,180.2527860948107,179.23955569989306,183.29247727956363,179.0,182.81210265245565,256.5,blend
2022-05-19,27,160.0,160.7584031909558,160.57891868867463,161.29685669779934,160.0,160.7584031909558,160.57891868867463,161.29685669779934,156.0,165.29004186607511,273.5,blend
2022-05-20,27,150.0,157.10280612074567,156.62430403829845,158.53831236808728,150.0,157.10280612074567,156.62430403829845,158.53831236808728,180.0,158.7303913760172,254.0,blend
2022-05-21,27,130.0,141.26006676129532,141.2655045806559,141.24375330321357,130.0,141.26006676129532,141.2655045806559,141.24375330321357,170.0,141.898145379663,216.5,blend
2022-05-22,27,111.0,127.9810915527151,126.75976607476865,131.64506798655447,111.0,127.9810915527151,126.75976607476865,131.64506798655447,158.0,126.64853496473026,214.5,blend
2022-05-23,27,158.0,164.81053611270394,163.95338670562094,167.38198433395291,158.0,164.81053611270394,163.95338670562094,167.38198433395291,170.0,162.57925118806784,266.5,blend
2022-05-24,27,169.0,175.94733182646638,177.98567427562713,169.8323044789842,169.0,175.94733182646638,177.98567427562713,169.8323044789842,199.0,175.97954405538766,282.0,blend
2022-05-25,27,174.0,163.93114739913023,164.9499854092444,160.87463336878767,174.0,163.93114739913023,164.9499854092444,160.87463336878767,143.0,163.2530633522971,283.0,blend
2022-05-26,27,168.0,165.43102148582017,164.414982112893,168.47913960460164,168.0,165.43102148582017,164.414982112893,168.47913960460164,160.0,162.70498031487259,291.0,blend
2022-05-27,27,158.0,159.78302082397965,160.6441836581218,157.19953232155325,158.0,159.78302082397965,160.6441836581218,157.19953232155325,150.0,159.27882207728084,250.0,blend
2022-05-28,27,173.0,141.1068713077783,142.56429411881652,136.7346028746636,173.0,141.1068713077783,142.56429411881652,136.7346028746636,130.0,141.62412662178713,242.0,blend
2022-05-29,27,130.0,140.86993372889765,141.4002091236848,139.27910754453632,130.0,140.86993372889765,141.4002091236848,139.27910754453632,111.0,140.25705557969434,228.5,blend
2022-05-30,27,173.0,166.1384711431825,164.92889827083047,169.76718976023858,173.0,166.1384711431825,164.92889827083047,169.76718976023858,158.0,163.80620392991102,193.5,blend
2022-05-31,27,201.0,169.49594192144107,169.5001123594912,169.4834306072907,201.0,169.49594192144107,169.5001123594912,169.4834306072907,169.0,172.09774541085437,154.0,blend
2022-06-01,27,189.0,185.86593303430897,187.38649371252797,181.30425099965188,189.0,185.86593303430897,187.38649371252797,181.30425099965188,174.0,189.08732473303024,140.0,blend
2022-06-02,27,213.0,173.3126851487106,171.68937660338855,178.1826107846769,213.0,173.3126851487106,171.68937660338855,178.1826107846769,168.0,172.89653889029222,131.5,blend
2022-06-03,27,177.0,175.47469120960687,173.069041064268,182.69164164562352,177.0,175.47469120960687,173.069041064268,182.69164164562352,158.0,175.83207701296203,96.5,blend
2022-06-04,27,159.0,147.59170788129094,147.24804420495926,148.62269891028598,159.0,147.59170788129094,147.24804420495926,148.62269891028598,173.0,150.32923597712104,83.5,blend
2022-06-05,27,127.0,129.87128126536123,128.12613144621855,135.10673072278922,127.0,129.87128126536123,128.12613144621855,135.10673072278922,130.0,130.6801864433655,83.5,blend
2022-06-06,27,175.0,170.2904993530721,167.77491133202773,177.8372634162052,175.0,170.2904993530721,167.77491133202773,177.8372634162052,173.0,166.63746553712602,105.0,blend
2022-06-07,27,218.0,186.00911226290455,186.9039041624924,183.32473656414095,218.0,186.00911226290455,186.9039041624924,183.32473656414095,201.0,184.93008470048096,138.5,blend
2022-06-08,27,158.0,195.90411525928616,193.20295530788695,204.00759511348372,158.0,195.90411525928616,193.20295530788695,204.00759511348372,189.0,191.68663449115036,136.5,blend
2022-06-09,27,176.0,167.84633681751552,165.4041854076876,175.17279104699918,176.0,167.84633681751552,165.4041854076876,175.17279104699918,213.0,165.10685180411087,96.5,blend
2022-06-10,27,169.0,164.28213497381591,164.0904809032249,164.85709718558905,169.0,164.28213497381591,164.0904809032249,164.85709718558905,177.0,165.21738433511513,104.5,blend
2022-06-11,27,220.0,144.16571535003462,145.2481386731467,140.91844538069833,220.0,144.16571535003462,145.2481386731467,140.91844538069833,159.0,146.6274667300632,121.0,blend
2022-06-12,27,120.0,159.65864981455425,158.25997235318394,163.85468219866516,120.0,159.65864981455425,158.25997235318394,163.85468219866516,127.0,160.45346212025368,109.0,blend
2022-06-13,27,154.0,171.73574584171888,170.28451127169666,176.08944955178552,154.0,171.73574584171888,170.28451127169666,176.08944955178552,175.0,172.09198869047816,125.0,blend
2022-06-14,27,173.0,177.55443502776143,179.55126024427554,171.56395937821907,173.0,177.55443502776143,179.55126024427554,171.56395937821907,218.0,179.42371512701675,131.5,blend
2022-06-15,27,153.0,165.47126134531717,163.45710861953614,171.5137195226603,153.0,165.47126134531717,163.45710861953614,171.5137195226603,158.0,162.61821779525536,148.0,blend
2022-06-16,27,136.0,166.04814084484792,164.88822589524563,169.5278856936548,136.0,166.04814084484792,164.88822589524563,169.5278856936548,176.0,162.74884604927072,154.5,blend
2022-06-17,27,144.0,150.64459113515053,149.8063368700252,153.15935393052655,144.0,150.64459113515053,149.8063368700252,153.15935393052655,169.0,148.03612433842298,125.5,blend
2022-06-18,27,221.0,131.49939452224498,130.48179924398895,134.55218035701301,221.0,131.49939452224498,130.48179924398895,134.55218035701301,220.0,130.21665564611558,116.0,blend
2022-06-19,27,144.0,140.00934546290657,134.89519484745006,155.3517973092761,144.0,140.00934546290657,134.89519484745006,155.3517973092761,120.0,135.94689088595285,102.5,blend
2022-06-20,27,156.0,169.55260497942794,168.29255571389754,173.33275277601908,156.0,169.55260497942794,168.29255571389754,173.33275277601908,154.0,167.80098345204834,112.0,blend
2022-06-21,27,167.0,176.20228377435384,178.20827039400177,170.18432391541012,167.0,176.20228377435384,178.20827039400177,170.18432391541012,173.0,177.38583332039178,128.0,blend
2022-06-22,27,154.0,164.02313730155686,162.99217429843688,167.11602631091682,154.0,164.02313730155686,162.99217429843688,167.11602631091682,153.0,161.39307419768448,132.5,blend
2022-06-23,27,163.0,158.43450041365364,157.36032687733166,161.65702102261957,163.0,158.43450041365364,157.36032687733166,161.65702102261957,136.0,156.52702542246817,127.0,blend
2022-06-24,27,156.0,158.9152988071961,160.30272792275085,154.7530114605318,156.0,158.9152988071961,160.30272792275085,154.7530114605318,144.0,159.19066343233067,122.5,blend
2022-06-25,27,126.0,153.18101346450524,156.86371987876188,142.13289422173534,126.0,153.18101346450524,156.86371987876188,142.13289422173534,221.0,155.72821717974816,103.5,blend
2022-06-26,27,126.0,108.71773436727929,103.95085691588963,123.0183667214483,126.0,108.71773436727929,103.95085691588963,123.0183667214483,144.0,107.1710382430311,82.0,blend
2022-06-27,27,148.0,149.369154447296,145.44113118713875,161.1532242277678,148.0,149.369154447296,145.44113118713875,161.1532242277678,156.0,148.7052634410107,115.5,blend
2022-06-28,27,168.0,159.8880430525976,158.65277442657484,163.59384893066584,168.0,159.8880430525976,158.65277442657484,163.59384893066584,167.0,157.8538418594213,143.5,blend
2022-06-29,27,140.0,158.4607075678477,156.7433252221807,163.6128546048488,140.0,158.4607075678477,156.7433252221807,163.6128546048488,154.0,155.84154046298565,158.5,blend
2022-06-30,27,149.0,143.5921071656443,139.36875343053825,156.2621683709625,149.0,143.5921071656443,139.36875343053825,156.2621683709625,163.0,138.73987041417936,153.0,blend
2022-07-01,28,160.0,153.5777793354476,154.6647210205786,151.94736680775105,160.0,153.5777793354476,154.6647210205786,151.94736680775105,156.0,154.9630281452876,134.5,blend
2022-07-02,28,126.0,137.0506817232353,139.36421116534135,133.58038756007625,126.0,137.0506817232353,139.36421116534135,133.58038756007625,126.0,139.38214610459664,117.0,blend
2022-07-03,28,126.0,116.83425431033268,110.4088183828099,126.47240820161686,126.0,116.83425431033268,110.4088183828099,126.47240820161686,126.0,109.43316401427954,99.0,blend
2022-07-04,28,152.0,151.6475559499042,147.3348913827505,158.11655280063474,152.0,151.6475559499042,147.3348913827505,158.11655280063474,148.0,146.33244028911918,91.0,blend
2022-07-05,28,184.0,156.61933326437088,154.190593168634,160.2624434079762,184.0,156.61933326437088,154.190593168634,160.2624434079762,168.0,152.80682531258998,76.5,blend
2022-07-06,28,154.0,155.83457233936937,152.5814765754425,160.71421598525967,154.0,155.83457233936937,152.5814765754425,160.71421598525967,140.0,151.6135660999035,64.0,blend
2022-07-07,28,167.0,151.4725315402714,146.72953560503572,158.5870254431249,167.0,151.4725315402714,146.72953560503572,158.5870254431249,149.0,145.96561473090327,62.0,blend
2022-07-08,28,145.0,151.13110269228576,149.6281516768406,153.38552921545352,145.0,151.13110269228576,149.6281516768406,153.38552921545352,160.0,148.95191783068555,82.0,blend
2022-07-09,28,138.0,134.26500281301705,135.89233653473815,131.82400223043538,138.0,134.26500281301705,135.89233653473815,131.82400223043538,126.0,135.862568100762,94.5,blend
2022-07-10,28,106.0,121.46411800345619,117.452895083575,127.48095238327798,106.0,121.46411800345619,117.452895083575,127.48095238327798,126.0,116.98172925878754,86.0,blend
2022-07-11,28,192.0,147.82412196297324,144.73020548517988,152.46499667966327,192.0,147.82412196297324,144.73020548517988,152.46499667966327,152.0,144.44710770632747,97.0,blend
2022-07-12,28,180.0,171.90347336732012,171.95962125020688,171.81925154298997,180.0,171.90347336732012,171.95962125020688,171.81925154298997,184.0,172.3427257643187,110.0,blend
2022-07-13,28,152.0,159.2100432714709,158.10348454540753,160.869881360566,152.0,159.2100432714709,158.10348454540753,160.869881360566,154.0,159.85718095667136,100.5,blend
2022-07-14,28,166.0,153.6232799787021,150.66726724671122,158.05729907668848,166.0,153.6232799787021,150.66726724671122,158.05729907668848,167.0,151.38326335926257,98.0,blend
2022-07-15,28,133.0,151.53420488979165,151.52216191984908,151.5522693447055,133.0,151.53420488979165,151.52216191984908,151.5522693447055,145.0,151.5414735486079,114.0,blend
2022-07-16,28,166.0,129.4599955083704,129.55532406651457,129.31700267115414,166.0,129.4599955083704,129.55532406651457,129.31700267115414,138.0,129.32735451941497,113.0,blend
2022-07-17,28,99.0,133.96410724510665,134.01749509210637,133.88402547460706,99.0,133.96410724510665,134.01749509210637,133.88402547460706,106.0,134.2506748393539,111.5,blend
2022-07-18,28,148.0,153.17775193845404,150.3256584028424,157.45589224187148,148.0,153.17775193845404,150.3256584028424,157.45589224187148,192.0,150.67765135048177,120.0,blend
2022-07-19,28,123.0,160.9140968216562,161.10438520196996,160.62866425118554,123.0,160.9140968216562,161.10438520196996,160.62866425118554,180.0,161.51100904128916,127.5,blend
2022-07-20,28,116.0,136.6847550679343,130.50340478017762,145.95678049956933,116.0,136.6847550679343,130.50340478017762,145.95678049956933,152.0,131.1928731073161,94.0,blend
2022-07-21,28,121.0,135.45753385205796,132.25352129856864,140.26355268229196,121.0,135.45753385205796,132.25352129856864,140.26355268229196,166.0,131.69132217246135,65.0,blend
2022-07-22,28,107.0,125.46271239781349,123.34457888664157,128.63991266457137,107.0,125.46271239781349,123.34457888664157,128.63991266457137,133.0,122.24256071944869,100.5,blend
2022-07-23,28,181.0,106.7419772555584,101.59818065351128,114.45767215862905,181.0,106.7419772555584,101.59818065351128,114.45767215862905,166.0,100.59783306814151,140.0,blend
2022-07-24,28,74.0,121.3180288037126,119.19438799865071,124.50349001130544,74.0,121.3180288037126,119.19438799865071,124.50349001130544,99.0,117.93438207488992,148.5,blend
2022-07-25,28,128.0,131.48169815017164,132.94767179972717,129.28273767583835,128.0,131.48169815017164,132.94767179972717,129.28273767583835,148.0,131.82258353700485,135.5,blend
2022-07-26,28,119.0,140.18800090651848,144.2147439919852,134.14788627831842,119.0,140.18800090651848,144.2147439919852,134.14788627831842,123.0,143.6454040285466,129.0,blend
2022-07-27,28,99.0,127.91485736051655,125.54211483297851,131.4739711518236,99.0,127.91485736051655,125.54211483297851,131.4739711518236,116.0,124.66021568005766,144.5,blend
2022-07-28,28,110.0,121.8955652172587,120.37451134019007,124.17714603286166,110.0,121.8955652172587,120.37451134019007,124.17714603286166,121.0,119.38095425849242,153.5,blend
2022-07-29,28,108.0,117.62687234942743,117.28677205930303,118.13702278461403,108.0,117.62687234942743,117.28677205930303,118.13702278461403,107.0,117.75810519168438,159.5,blend
2022-07-30,28,99.0,107.84830556950544,107.06347848543967,109.0255461956041,99.0,107.84830556950544,107.06347848543967,109.0255461956041,181.0,110.45517182866912,162.5,blend
2022-07-31,28,83.0,82.38959824407547,70.92541575990114,99.58587197033695,83.0,82.38959824407547,70.92541575990114,99.58587197033695,74.0,71.96962195182712,125.0,blend
2022-08-01,28,154.0,126.6961709931924,134.0032688639631,115.73552418703638,154.0,126.6961709931924,134.0032688639631,115.73552418703638,128.0,134.19926447139292,134.0,blend
2022-08-02,28,147.0,131.97494120149133,131.955233283621,132.0045030782968,147.0,131.97494120149133,131.955233283621,132.0045030782968,119.0,131.46657668193217,126.0,blend
2022-08-03,28,119.0,126.72544259552863,124.20372615980642,130.50801724911196,119.0,126.72544259552863,124.20372615980642,130.50801724911196,99.0,122.90114865812237,63.0,blend
2022-08-04,28,150.0,124.64619544763526,122.45631187964786,127.93102079961638,150.0,124.64619544763526,122.45631187964786,127.93102079961638,110.0,121.71602052582541,67.5,blend
2022-08-05,28,144.0,126.71849054255311,125.3791350235174,128.72752382110667,144.0,126.71849054255311,125.3791350235174,128.72752382110667,108.0,124.77724365403874,134.0,blend
2022-08-06,28,216.0,120.34115816867991,121.8635352150701,118.05759259909465,216.0,120.34115816867991,121.8635352150701,118.05759259909465,99.0,122.66535799104452,138.0,blend
2022-08-07,28,110.0,137.8891121277701,135.02646363334225,142.18308486941189,110.0,137.8891121277701,135.02646363334225,142.18308486941189,83.0,136.1973961544474,120.5,blend
2022-08-08,28,152.0,158.14353138021437,160.2995701503699,154.90947322498107,152.0,158.14353138021437,160.2995701503699,154.90947322498107,154.0,160.81454026163735,149.5,blend
2022-08-09,28,189.0,158.1954666164261,158.35800394370122,157.9516606255134,189.0,158.1954666164261,158.35800394370122,157.9516606255134,147.0,159.1377508593874,134.0,blend
2022-08-10,28,137.0,155.45894837739854,154.39460157513298,157.0554685807969,137.0,155.45894837739854,154.39460157513298,157.0554685807969,119.0,156.63104729541436,112.5,blend
2022-08-11,28,149.0,146.37771203900246,144.98699379927749,148.46378939858994,149.0,146.37771203900246,144.98699379927749,148.46378939858994,150.0,147.42130267764023,132.0,blend
2022-08-12,28,104.0,144.42081081367954,145.17321667928957,143.2922020152645,104.0,144.42081081367954,145.17321667928957,143.2922020152645,144.0,146.56549984576742,165.0,blend
2022-08-13,28,178.0,123.38960121671377,122.32022668473378,124.99366301468375,178.0,123.38960121671377,122.32022668473378,124.99366301468375,216.0,121.4106824645232,142.0,blend
2022-08-14,28,108.0,122.93264953658567,116.96528439051875,131.88369725568606,108.0,122.93264953658567,116.96528439051875,131.88369725568606,110.0,115.89534685381408,107.5,blend
2022-08-15,28,157.0,149.48000041604055,149.4096562708901,149.5855166337662,157.0,149.48000041604055,149.4096562708901,149.5855166337662,152.0,148.08069771718286,156.0,blend
2022-08-16,28,171.0,159.47023451329625,159.13345660069567,159.9754013821971,171.0,159.47023451329625,159.13345660069567,159.9754013821971,189.0,157.85966208403366,196.0,blend
2022-08-17,28,150.0,146.10742174758144,141.4388354125443,153.11030125013713,150.0,146.10742174758144,141.4388354125443,153.11030125013713,137.0,139.99515729007695,152.5,blend
2022-08-18,28,142.0,145.29781418662628,139.3522308382613,154.21618920917376,142.0,145.29781418662628,139.3522308382613,154.21618920917376,149.0,138.24475959682778,123.5,blend
2022-08-19,28,115.0,131.6238505460336,127.35776830392986,138.0229739091892,115.0,131.6238505460336,127.35776830392986,138.0229739091892,104.0,130.30959432860325,127.5,blend
2022-08-20,28,108.0,127.02594602262084,128.33121227523975,125.06804664369247,108.0,127.02594602262084,128.33121227523975,125.06804664369247,178.0,131.94836660646695,130.0,blend
2022-08-21,28,88.0,96.17725399138678,87.21037432791213,109.62757348659872,88.0,96.17725399138678,87.21037432791213,109.62757348659872,108.0,89.68187428974427,130.5,blend
2022-08-22,28,134.0,132.0566617244203,130.09271926843562,135.00257540839738,134.0,132.0566617244203,130.09271926843562,135.00257540839738,157.0,131.15161833604466,171.0,blend
2022-08-23,28,161.0,140.6788471346551,141.84861423294768,138.9241964872162,161.0,140.6788471346551,141.84861423294768,138.9241964872162,171.0,142.07602523290163,180.0,blend
2022-08-24,28,122.0,136.4256758678061,134.32385411920714,139.57840849070453,122.0,136.4256758678061,134.32385411920714,139.57840849070453,150.0,133.38468877287914,157.5,blend
2022-08-25,28,130.0,128.11404414454512,124.61362083136575,133.36467911431413,130.0,128.11404414454512,124.61362083136575,133.36467911431413,142.0,123.40050371730567,172.5,blend
2022-08-26,28,127.0,117.21594529928701,112.90839006478453,123.67727815104074,127.0,117.21594529928701,112.90839006478453,123.67727815104074,115.0,111.47821294117492,151.5,blend
2022-08-27,28,95.0,113.55745663579881,112.79817069365885,114.6963855490088,95.0,113.55745663579881,112.79817069365885,114.6963855490088,108.0,111.45974752213625,139.0,blend
2022-08-28,28,106.0,94.25814233723992,86.53877089011823,105.83719950792243,106.0,94.25814233723992,86.53877089011823,105.83719950792243,88.0,85.12534646997362,149.0,blend
2022-08-29,28,127.0,131.46833117732606,133.5194197578144,128.39169830659353,127.0,131.46833117732606,133.5194197578144,128.39169830659353,134.0,136.91981705848121,160.0,blend
2022-08-30,28,148.0,134.18888171517162,136.14540639176556,131.2540947002807,148.0,134.18888171517162,136.14540639176556,131.2540947002807,161.0,139.7913532478556,170.5,blend
2022-08-31,28,86.0,128.897506768787,124.94862246569436,134.82083322342598,86.0,128.897506768787,124.94862246569436,134.82083322342598,122.0,125.79641297876361,165.0,blend
2022-09-01,29,160.0,128.68678810539987,129.50847645692826,127.4542555781073,160.0,128.68678810539987,129.50847645692826,127.4542555781073,130.0,128.09539123131316,154.0,blend
2022-09-02,29,134.0,127.8349994051047,126.09782031329179,130.44076804282406,134.0,127.8349994051047,126.09782031329179,130.44076804282406,127.0,122.7381723208673,162.5,blend
2022-09-03,29,129.0,116.69828903711552,118.98343972498604,113.27056300530973,129.0,116.69828903711552,118.98343972498604,113.27056300530973,95.0,116.88298763708298,147.0,blend
2022-09-04,29,96.0,97.69071585379172,93.22407399671731,104.39067863940333,96.0,97.69071585379172,93.22407399671731,104.39067863940333,106.0,99.30865794387194,105.5,blend
2022-09-05,29,152.0,127.76273869729569,128.49441831535464,126.66521927020727,152.0,127.76273869729569,128.49441831535464,126.66521927020727,127.0,131.2931705288608,134.0,blend
2022-09-06,29,142.0,150.07042443788734,152.73698383396462,146.07058534377143,142.0,150.07042443788734,152.73698383396462,146.07058534377143,148.0,152.6007844398792,161.5,blend
2022-09-07,29,113.0,132.82808723891088,131.5999618923545,134.67027525874545,113.0,132.82808723891088,131.5999618923545,134.67027525874545,86.0,131.79775485344928,161.5,blend
2022-09-08,29,167.0,131.92189022534234,130.35011894211488,134.2795471501835,167.0,131.92189022534234,130.35011894211488,134.2795471501835,160.0,130.25551944349806,181.5,blend
2022-09-09,29,136.0,127.59742208406634,126.31201232521428,129.52553672234444,136.0,127.59742208406634,126.31201232521428,129.52553672234444,134.0,130.22138332803576,171.0,blend
2022-09-10,29,183.0,114.69832323606974,113.27463530300912,116.83385513566068,183.0,114.69832323606974,113.27463530300912,116.83385513566068,129.0,111.18205447081283,125.5,blend
2022-09-11,29,105.0,123.58416062825566,122.41517747232307,125.33763536215454,105.0,123.58416062825566,122.41517747232307,125.33763536215454,96.0,123.95034884494635,95.5,blend
2022-09-12,29,153.0,144.18202880425292,143.31860622143535,145.47716267847932,153.0,144.18202880425292,143.31860622143535,145.47716267847932,152.0,143.801590268702,114.5,blend
2022-09-13,29,160.0,158.4679341201297,159.1833533261402,157.39480531111394,160.0,158.4679341201297,159.1833533261402,157.39480531111394,142.0,157.1428674324057,151.5,blend
2022-09-14,29,142.0,142.69788865697723,139.04743605286612,148.17356756314388,142.0,142.69788865697723,139.04743605286612,148.17356756314388,113.0,139.3267732530634,163.5,blend
2022-09-15,29,136.0,143.8459536951711,139.8043406732568,149.90837322804254,136.0,143.8459536951711,139.8043406732568,149.90837322804254,167.0,146.04603304095914,116.5,blend
2022-09-16,29,131.0,125.80755379386355,122.56196463436534,130.67593753311084,131.0,125.80755379386355,122.56196463436534,130.67593753311084,136.0,128.4320034140641,72.0,blend
2022-09-17,29,202.0,111.76380573317684,107.18759886310599,118.6281160382831,202.0,111.76380573317684,107.18759886310599,118.6281160382831,183.0,113.32318527895485,73.0,blend
2022-09-18,29,87.0,124.92099825802907,118.82824618185045,134.060126372297,87.0,124.92099825802907,118.82824618185045,134.060126372297,105.0,122.98623532098365,56.5,blend
2022-09-19,29,137.0,140.5885770806496,140.527809525882,140.679728412801,137.0,140.5885770806496,140.527809525882,140.679728412801,153.0,138.14440263019085,72.5,blend
2022-09-20,29,145.0,153.02697706750246,153.8211551532125,151.83570993893744,145.0,153.02697706750246,153.8211551532125,151.83570993893744,160.0,150.46334386709185,108.5,blend
2022-09-21,29,129.0,134.82953940806738,128.21403897016106,144.75279006492684,129.0,134.82953940806738,128.21403897016106,144.75279006492684,142.0,126.49583355681824,99.5,blend
2022-09-22,29,154.0,138.1697268914878,135.41834782359496,142.2967954933271,154.0,138.1697268914878,135.41834782359496,142.2967954933271,136.0,132.9010063244895,73.0,blend
2022-09-23,29,142.0,136.94069546050264,133.86665572945589,141.5517550570728,142.0,136.94069546050264,133.86665572945589,141.5517550570728,131.0,132.74278162078903,61.0,blend
2022-09-24,29,109.0,128.91821014332132,128.8264976590946,129.05577886966137,109.0,128.91821014332132,128.8264976590946,129.05577886966137,202.0,128.81410237338957,72.5,blend
2022-09-25,29,115.0,94.44413487960735,88.3153796819686,103.63726767606548,115.0,94.44413487960735,88.3153796819686,103.63726767606548,87.0,87.63654959577039,79.5,blend
2022-09-26,29,124.0,133.3507026932184,131.454232795033,136.19540754049657,124.0,133.3507026932184,131.454232795033,136.19540754049657,137.0,131.4585902542358,98.5,blend
2022-09-27,29,156.0,134.68376865131805,131.9510120319027,138.7829035804411,156.0,134.68376865131805,131.9510120319027,138.7829035804411,145.0,131.31842931423694,106.5,blend
2022-09-28,29,132.0,128.83240909378083,123.32769033765118,137.08948722797527,132.0,128.83240909378083,123.32769033765118,137.08948722797527,129.0,125.92620596068761,104.0,blend
2022-09-29,29,140.0,130.5489321728793,127.21259444333796,135.55343876719127,140.0,130.5489321728793,127.21259444333796,135.55343876719127,154.0,131.0669931389327,110.0,blend
2022-09-30,29,104.0,117.41002328496347,111.51087394952322,126.25874728812389,104.0,117.41002328496347,111.51087394952322,126.25874728812389,142.0,113.23875735135434,86.5,blend
2022-10-01,29,135.0,124.57071999068597,127.59417664543871,120.03553500855688,135.0,124.57071999068597,127.59417664543871,120.03553500855688,109.0,128.21492086983457,80.5,blend
2022-10-02,29,98.0,98.64887799703958,91.97758370912773,108.65581942890735,98.0,98.64887799703958,91.97758370912773,108.65581942890735,115.0,92.48073551631848,96.5,blend
2022-10-03,29,153.0,127.6961033176409,125.74359541173244,130.6248651765036,153.0,127.6961033176409,125.74359541173244,130.6248651765036,124.0,126.38209610208617,108.5,blend
2022-10-04,29,171.0,144.52174993914443,143.84878254406146,145.53120103176886,171.0,144.52174993914443,143.84878254406146,145.53120103176886,156.0,141.76728268805618,115.5,blend
2022-10-05,29,181.0,144.2597043613783,142.51878918423014,146.87107712710053,181.0,144.2597043613783,142.51878918423014,146.87107712710053,132.0,139.7396304313,118.0,blend
2022-10-06,29,179.0,155.98045931428433,156.0023900402949,155.94756322526845,179.0,155.98045931428433,156.0023900402949,155.94756322526845,140.0,153.21817231395377,107.0,blend
2022-10-07,29,133.0,149.45593321421643,148.26765691467762,151.23834766352462,133.0,149.45593321421643,148.26765691467762,151.23834766352462,104.0,145.62511047793046,84.0,blend
2022-10-08,29,218.0,132.6796011033889,135.03805226264677,129.14192436450207,218.0,132.6796011033889,135.03805226264677,129.14192436450207,135.0,132.28408774977896,78.0,blend
2022-10-09,29,123.0,146.83239939553118,144.24117445144412,150.71923681166177,123.0,146.83239939553118,144.24117445144412,150.71923681166177,98.0,142.22255879616097,74.0,blend
2022-10-10,29,176.0,159.55544045400228,156.5729709884897,164.02914465227116,176.0,159.55544045400228,156.5729709884897,164.02914465227116,153.0,155.6397121086967,81.0,blend
2022-10-11,29,194.0,176.35743924177427,177.47277614786634,174.68443388263614,194.0,176.35743924177427,177.47277614786634,174.68443388263614,171.0,177.07345789683777,105.5,blend
2022-10-12,29,128.0,167.85910599014096,165.9128378252013,170.77850823755048,128.0,167.85910599014096,165.9128378252013,170.77850823755048,181.0,168.7388919684735,99.5,blend
2022-10-13,29,170.0,150.44510606527695,145.44616326828412,157.94352026076618,170.0,150.44510606527695,145.44616326828412,157.94352026076618,179.0,146.25825158195863,100.0,blend
2022-10-14,29,146.0,146.4210230152595,143.52240329027626,150.76895260273432,146.0,146.4210230152595,143.52240329027626,150.76895260273432,133.0,142.1421873823346,114.5,blend
2022-10-15,29,124.0,140.81638990468994,140.501981987063,141.28800178113033,124.0,140.81638990468994,140.501981987063,141.28800178113033,218.0,140.3635376622418,94.5,blend
2022-10-16,29,145.0,109.10889101254806,100.57888080495837,121.90390632393257,145.0,109.10889101254806,100.57888080495837,121.90390632393257,123.0,101.61883879983603,81.5,blend
2022-10-17,29,162.0,159.95527405102644,154.64885677013572,167.91489997236255,162.0,159.95527405102644,154.64885677013572,167.91489997236255,176.0,152.49988415523387,102.0,blend
2022-10-18,29,176.0,161.25658980055857,156.50764105307672,168.38001292178132,176.0,161.25658980055857,156.50764105307672,168.38001292178132,194.0,156.66208178355956,112.5,blend
2022-10-19,29,179.0,154.15767658830433,150.16302207625023,160.1496583563855,179.0,154.15767658830433,150.16302207625023,160.1496583563855,128.0,150.1281386972346,112.5,blend
2022-10-20,29,206.0,163.73729951820582,159.32929856155968,170.34930095317503,206.0,163.73729951820582,159.32929856155968,170.34930095317503,170.0,157.87540450132417,121.0,blend
2022-10-21,29,177.0,161.1738350807114,154.62719767361818,170.99379119135125,177.0,161.1738350807114,154.62719767361818,170.99379119135125,146.0,153.07631176935504,106.0,blend
2022-10-22,29,205.0,143.32012408076193,144.8229983541349,141.06581267070246,205.0,143.32012408076193,144.8229983541349,141.06581267070246,124.0,144.596054489188,87.5,blend
2022-10-23,29,131.0,148.53582032249932,145.2134871085766,153.51932014338342,131.0,148.53582032249932,145.2134871085766,153.51932014338342,145.0,144.59014090804348,90.5,blend
2022-10-24,29,194.0,165.49087791904623,160.943555510031,172.31186153256914,194.0,165.49087791904623,160.943555510031,172.31186153256914,162.0,160.39151786881575,103.5,blend
2022-10-25,29,201.0,184.99780033983677,182.57148825519704,188.63726846679634,201.0,184.99780033983677,182.57148825519704,188.63726846679634,176.0,181.21136480393028,94.0,blend
2022-10-26,29,198.0,180.11468398249986,172.10368381800257,192.13118422924578,198.0,180.11468398249986,172.10368381800257,192.13118422924578,179.0,168.98941111381788,101.5,blend
2022-10-27,29,184.0,188.27272046992437,180.47081570521874,199.97557761698283,184.0,188.27272046992437,180.47081570521874,199.97557761698283,206.0,177.20007408841747,132.0,blend
2022-10-28,29,166.0,162.89136858685308,155.80206076353412,173.52533032183152,166.0,162.89136858685308,155.80206076353412,173.52533032183152,177.0,153.03855184338974,115.5,blend
2022-10-29,29,132.0,150.24248185821222,147.55068117415172,154.28018288430297,132.0,150.24248185821222,147.55068117415172,154.28018288430297,205.0,144.86334724355183,86.5,blend
2022-10-30,29,114.0,121.64820771833433,115.63562141546286,130.66708717264157,114.0,121.64820771833433,115.63562141546286,130.66708717264157,131.0,114.762172678629,83.0,blend
2022-10-31,29,165.0,152.36043825471214,143.95568977692233,164.96756097139684,165.0,152.36043825471214,143.95568977692233,164.96756097139684,194.0,143.74530772227612,94.0,blend
2022-11-01,30,204.0,169.7744528702639,173.99004925178585,166.32532855810956,204.0,169.7744528702639,173.99004925178585,166.32532855810956,201.0,180.25732932587584,91.5,blend
2022-11-02,30,166.0,149.7433610150591,161.13716811847738,140.4211552031714,166.0,149.7433610150591,161.13716811847738,140.4211552031714,198.0,169.55627299486028,91.5,blend
2022-11-03,30,192.0,152.4143000831155,156.02938311750881,149.45650487315734,192.0,152.4143000831155,156.02938311750881,149.45650487315734,184.0,162.63837092370758,102.5,blend
2022-11-04,30,195.0,148.68848511898284,147.15759512017783,149.94103148164143,195.0,148.68848511898284,147.15759512017783,149.94103148164143,166.0,152.99284412952642,92.0,blend
2022-11-05,30,219.0,146.78440560941954,154.94939974798854,140.10395585968126,219.0,146.78440560941954,154.94939974798854,140.10395585968126,132.0,157.84347971606422,82.0,blend
2022-11-06,30,121.0,146.5742162542668,144.8742724330949,147.96507938068015,121.0,146.5742162542668,144.8742724330949,147.96507938068015,114.0,147.23975584117852,84.5,blend
2022-11-07,30,163.0,172.51528527759228,167.44165202768176,176.66643975479178,163.0,172.51528527759228,167.44165202768176,176.66643975479178,165.0,167.7440250458548,102.5,blend
2022-11-08,30,190.0,184.0668729188897,178.45126666376999,188.6614598548967,190.0,184.0668729188897,178.45126666376999,188.6614598548967,204.0,176.690596456087,106.5,blend
2022-11-09,30,206.0,175.08765195720628,164.4105035753615,183.82350063326103,206.0,175.08765195720628,164.4105035753615,183.82350063326103,166.0,161.83591259998587,88.0,blend
2022-11-10,30,209.0,192.8956588688335,182.59019866720075,201.32739903380576,209.0,192.8956588688335,182.59019866720075,201.32739903380576,192.0,179.44608813892947,96.5,blend
2022-11-11,30,180.0,184.95105594651375,175.45413554654255,192.72126354649015,180.0,184.95105594651375,175.45413554654255,192.72126354649015,195.0,173.6648976314439,107.0,blend
2022-11-12,30,217.0,156.02770370917943,150.0006090786207,160.95896295236383,217.0,156.02770370917943,150.0006090786207,160.95896295236383,219.0,149.30621697516807,91.5,blend
2022-11-13,30,133.0,149.35740750922005,144.8934635847965,153.00972526556657,133.0,149.35740750922005,144.8934635847965,153.00972526556657,121.0,144.8509461259649,86.0,blend
2022-11-14,30,180.0,175.11733515854513,163.98633134513634,184.2245200967887,180.0,175.11733515854513,163.98633134513634,184.2245200967887,163.0,163.64550011946272,88.0,blend
2022-11-15,30,177.0,185.67383204502562,180.4605042635996,189.93928204801054,177.0,185.67383204502562,180.4605042635996,189.93928204801054,190.0,181.1993409892903,94.5,blend
2022-11-16,30,186.0,177.0886954149336,169.27151853608274,183.48456740672066,186.0,177.0886954149336,169.27151853608274,183.48456740672066,206.0,170.48330458915552,115.5,blend
2022-11-17,30,213.0,179.81673609130866,174.57393879664022,184.1062975142192,213.0,179.81673609130866,174.57393879664022,184.1062975142192,209.0,175.15029061032874,116.5,blend
2022-11-18,30,163.0,180.19752657527806,172.25864143654672,186.69297805242184,163.0,180.19752657527806,172.25864143654672,186.69297805242184,180.0,172.68299558953663,92.0,blend
2022-11-19,30,153.0,159.94870941412637,161.30594253792282,158.83824594920196,153.0,159.94870941412637,161.30594253792282,158.83824594920196,217.0,161.61149420405124,82.0,blend
2022-11-20,30,137.0,127.02318019911428,117.95625403574368,134.4415743327811,137.0,127.02318019911428,117.95625403574368,134.4415743327811,133.0,116.99429300112558,95.0,blend
2022-11-21,30,149.0,168.79006122832703,157.45529944394158,178.06395723373328,149.0,168.79006122832703,157.45529944394158,178.06395723373328,180.0,155.56115873038135,104.0,blend
2022-11-22,30,175.0,167.99647191806503,160.5146165579891,174.1179899399453,175.0,167.99647191806503,160.5146165579891,174.1179899399453,177.0,158.4852563083742,92.5,blend
2022-11-23,30,160.0,166.56140993672312,164.26831490838003,168.43757859627652,160.0,166.56140993672312,164.26831490838003,168.43757859627652,186.0,163.4078193594533,104.5,blend
2022-11-24,30,160.0,161.43462851901657,155.72442632747448,166.10661213027828,160.0,161.43462851901657,155.72442632747448,166.10661213027828,213.0,155.7560916534347,110.0,blend
2022-11-25,30,143.0,140.44590904839313,132.5413969736254,146.9132371095667,143.0,140.44590904839313,132.5413969736254,146.9132371095667,163.0,136.168960285894,90.0,blend
2022-11-26,30,128.0,125.75275692526458,124.06106100466558,127.136871769391,128.0,125.75275692526458,124.06106100466558,127.136871769391,153.0,125.34650845080188,82.5,blend
2022-11-27,30,99.0,107.24905615289401,95.88976086185765,116.54302502737829,99.0,107.24905615289401,95.88976086185765,116.54302502737829,137.0,96.0342317179651,88.5,blend
2022-11-28,30,134.0,139.17723125070123,126.76194768173879,149.33519053439773,134.0,139.17723125070123,126.76194768173879,149.33519053439773,149.0,126.59630421949106,100.5,blend
2022-11-29,30,146.0,144.72006084450578,138.27739216995883,149.9913352145896,146.0,144.72006084450578,138.27739216995883,149.9913352145896,175.0,138.31257869954544,121.5,blend
2022-11-30,30,151.0,137.79271933858882,126.55767479266949,146.98502851252283,151.0,137.79271933858882,126.55767479266949,146.98502851252283,160.0,125.70713106085708,125.5,blend
2022-12-01,30,213.0,166.8926063030383,161.2399917196815,171.51747278033014,213.0,166.8926063030383,161.2399917196815,171.51747278033014,160.0,159.8621140168843,101.0,blend
2022-12-02,30,142.0,157.33559065369548,155.5566133522943,158.79111753666,142.0,157.33559065369548,155.5566133522943,158.79111753666,143.0,155.14871617589012,104.0,blend
2022-12-03,30,206.0,132.93946102643434,136.4747033567654,130.04699002889078,206.0,132.93946102643434,136.4747033567654,130.04699002889078,128.0,135.6622910369711,100.5,blend
2022-12-04,30,130.0,137.82974438809413,136.35039667537674,139.04011978940832,130.0,137.82974438809413,136.35039667537674,139.04011978940832,99.0,137.2963524431084,98.0,blend
2022-12-05,30,147.0,157.1997249422087,152.5405588958063,161.01176988926517,147.0,157.1997249422087,152.5405588958063,161.01176988926517,134.0,153.2520680768262,112.5,blend
2022-12-06,30,179.0,163.71526225296944,159.85557085274232,166.87319158042797,179.0,163.71526225296944,159.85557085274232,166.87319158042797,146.0,160.4949374014558,99.0,blend
2022-12-07,30,166.0,163.6403535000537,162.56927419110872,164.5166911164632,166.0,163.6403535000537,162.56927419110872,164.5166911164632,151.0,164.26183833460598,75.5,blend
2022-12-08,30,169.0,167.46672185396542,165.06788462273917,169.42940686133232,169.0,167.46672185396542,165.06788462273917,169.42940686133232,213.0,166.67390426864716,81.5,blend
2022-12-09,30,150.0,151.12468705084618,147.7536840908279,153.8827803817702,150.0,151.12468705084618,147.7536840908279,153.8827803817702,142.0,146.50861458803405,95.5,blend
2022-12-10,30,185.0,146.18144306235516,141.53110296269801,149.98626678025644,185.0,146.18144306235516,141.53110296269801,149.98626678025644,206.0,139.85081430923412,95.0,blend
2022-12-11,30,143.0,131.82250406087752,123.98201802691084,138.2374471795775,143.0,131.82250406087752,123.98201802691084,138.2374471795775,130.0,123.56961661410413,78.5,blend
2022-12-12,30,149.0,161.42487270947657,152.4217130784161,168.79109422579876,149.0,161.42487270947657,152.4217130784161,168.79109422579876,147.0,152.3744786441712,68.5,blend
2022-12-13,30,162.0,157.3921826229304,151.78219029327704,161.9821763471922,162.0,157.3921826229304,151.78219029327704,161.9821763471922,179.0,155.36809086911035,78.0,blend
2022-12-14,30,162.0,152.40902723585066,145.6527907562187,157.93685708282226,162.0,152.40902723585066,145.6527907562187,157.93685708282226,166.0,149.68679148789377,94.5,blend
2022-12-15,30,152.0,161.06864157674977,157.59417293891292,163.91138864407083,152.0,161.06864157674977,157.59417293891292,163.91138864407083,169.0,158.90030753110997,112.5,blend
2022-12-16,30,132.0,143.46255189159893,134.77518649748853,150.57039630496195,132.0,143.46255189159893,134.77518649748853,150.57039630496195,150.0,134.35633856583433,104.5,blend
2022-12-17,30,98.0,130.2293079424319,128.12543205421645,131.95066094188087,98.0,130.2293079424319,128.12543205421645,131.95066094188087,185.0,129.13772663763336,85.0,blend
2022-12-18,30,100.0,97.75555751393911,89.62723472014048,104.40600343613798,100.0,97.75555751393911,89.62723472014048,104.40600343613798,143.0,91.24659828123075,77.5,blend
2022-12-19,30,153.0,130.9248231547121,118.53317381215994,141.06344534407296,153.0,130.9248231547121,118.53317381215994,141.06344534407296,149.0,119.73362258144222,99.5,blend
2022-12-20,30,135.0,143.04556568154942,138.2698490328116,146.9529702123349,135.0,143.04556568154942,138.2698490328116,146.9529702123349,162.0,139.29431452719112,113.5,blend
2022-12-21,30,115.0,131.5723495904807,126.49101489411404,135.72980525114434,115.0,131.5723495904807,126.49101489411404,135.72980525114434,162.0,127.7611733370681,99.0,blend
2022-12-22,30,128.0,119.85111587126077,116.52780726470063,122.57018654935541,128.0,119.85111587126077,116.52780726470063,122.57018654935541,152.0,119.77398643194309,112.0,blend
2022-12-23,30,109.0,110.444572838144,102.70529317828684,116.77671074166346,109.0,110.444572838144,102.70529317828684,116.77671074166346,132.0,104.23864688750831,117.0,blend
2022-12-24,30,77.0,97.95797826342177,96.71031197357806,98.97879613693024,77.0,97.95797826342177,96.71031197357806,98.97879613693024,98.0,96.93083995662126,92.5,blend
2022-12-25,30,93.0,80.70684842105186,69.6122241474038,89.78426828130937,93.0,80.70684842105186,69.6122241474038,89.78426828130937,100.0,68.83027111540073,70.5,blend
2022-12-26,30,147.0,112.17139265641748,108.0293336944778,115.56034998891356,147.0,112.17139265641748,108.0293336944778,115.56034998891356,153.0,107.28188503042955,71.5,blend
2022-12-27,30,132.0,128.55544557431432,121.4656167323911,134.35621462679694,132.0,128.55544557431432,121.4656167323911,134.35621462679694,135.0,120.10975406301333,84.0,blend
2022-12-28,30,104.0,121.94515622679947,116.03962962432792,126.7769507197307,104.0,121.94515622679947,116.03962962432792,126.7769507197307,115.0,117.07033704842696,103.0,blend
2022-12-29,30,120.0,116.52727965132213,115.28736020009954,117.54175920232242,120.0,116.52727965132213,115.28736020009954,117.54175920232242,128.0,115.98418559323744,120.0,blend
2022-12-30,30,120.0,106.15995296148213,96.99510253880237,113.65846694367465,120.0,106.15995296148213,96.99510253880237,113.65846694367465,109.0,98.38547975408758,110.0,blend
2022-12-31,30,94.0,98.03581616243551,91.80902486197539,103.1304635900847,94.0,98.03581616243551,91.80902486197539,103.1304635900847,77.0,92.80589731953853,152.0,blend
